,title,mal id,type,score,total episodes,english title,air date start,air date end,average score,rank,popularity,genre,studio,source,season
0,1000-nen Joou: Queen Millennia,1549,Movie,6,1,,1982-03-13T00:00:00+00:00,,6.81,4343,7180,Adventure,Toei Animation,Manga,
1,1001 Nights,3914,Movie,0,1,,1999-04-24T00:00:00+00:00,,6.3,6761,4862,Demons,,Unknown,
2,A Kite,320,OVA,6,2,Kite,1998-02-25T00:00:00+00:00,1998-10-25T00:00:00+00:00,6.57,,2255,Action,Arms,Original,
3,A-Girl,5447,OVA,8,1,A-Girl,1993-09-24T00:00:00+00:00,,5.58,9259,8728,Music,Madhouse,Manga,
4,Abenobashi Mahou☆Shoutengai,306,TV,9,13,Magical☆Shopping Arcade Abenobashi,2002-04-04T00:00:00+00:00,2002-06-27T00:00:00+00:00,7.26,2503,1718,Comedy,Gainax,Original,Spring 2002
5,Africa no Salaryman (TV),39590,TV,6,12,Africa Salaryman,2019-10-07T00:00:00+00:00,2019-12-23T00:00:00+00:00,6.51,5738,3732,Slice of Life,HOTZIPANG,Web manga,Fall 2019
6,Ahiru Rikusentai,28241,Movie,6,1,Duck Brigade,1940-01-01T00:00:00+00:00,,5.13,10170,10849,Action,,Original,
7,Aho Girl,34881,TV,8,12,AHO-GIRL,2017-07-04T00:00:00+00:00,2017-09-19T00:00:00+00:00,6.95,3769,403,Comedy,Diomedea,4-koma manga,Summer 2017
8,AIKa,366,OVA,5,7,Agent AIKa,1997-04-25T00:00:00+00:00,1999-04-25T00:00:00+00:00,5.95,8208,3079,Action,Studio Fantasia,Original,
9,AIKa: Special Trial,4718,Special,5,1,,1998-05-25T00:00:00+00:00,,5.69,8972,5849,Ecchi,Studio Fantasia,Original,
10,Akira,47,Movie,8,1,AKIRA,1988-07-16T00:00:00+00:00,,8.17,330,198,Action,Tokyo Movie Shinsha,Manga,
11,Aku no Hana,16201,TV,6,13,Flowers of Evil,2013-04-05T00:00:00+00:00,2013-06-30T00:00:00+00:00,7.15,2947,891,Psychological,Zexcs,Manga,Spring 2013
12,Aldnoah.Zero,22729,TV,6,12,Aldnoah.Zero,2014-07-06T00:00:00+00:00,2014-09-21T00:00:00+00:00,7.46,1695,277,Action,A-1 Pictures,Original,Summer 2014
13,Aldnoah.Zero 2nd Season,27655,TV,5,12,Aldnoah.Zero,2015-01-11T00:00:00+00:00,2015-03-29T00:00:00+00:00,7.01,3556,509,Action,A-1 Pictures,Original,Winter 2015
14,Alexander Senki,1442,TV,7,13,Reign: The Conqueror,1999-09-15T00:00:00+00:00,1999-09-18T00:00:00+00:00,5.72,8900,5736,Action,Madhouse,Novel,Summer 1999
15,Ali Baba to 40-hiki no Touzoku,3843,Movie,0,1,,1971-07-08T00:00:00+00:00,,5.53,9391,9777,Action,Toei Animation,Unknown,
16,Alice in Dreamland,31941,Movie,7,1,,2015-12-19T00:00:00+00:00,,5.21,10046,9303,Adventure,,Other,
17,All That Gundam,5270,Special,0,1,All That Gundam,1989-01-01T00:00:00+00:00,,5.81,8633,6659,Action,Sunrise,Unknown,
18,Amagi Brilliant Park,22147,TV,7,13,Amagi Brilliant Park,2014-10-07T00:00:00+00:00,2014-12-26T00:00:00+00:00,7.54,1453,230,Comedy,Kyoto Animation,Light novel,Fall 2014
19,Amazing Nuts!,1998,Music,6,4,,2006-12-20T00:00:00+00:00,,6.59,5371,5165,Adventure,Studio 4°C,Original,
20,Angel Cop,1351,OVA,6,6,,1989-09-01T00:00:00+00:00,1994-05-20T00:00:00+00:00,5.94,8249,4339,Action,D.A.S.T.,Original,
21,Ani*Kuri15,2832,Special,0,15,,2007-06-07T00:00:00+00:00,2007-06-27T00:00:00+00:00,6.8,4392,3645,Slice of Life,Gonzo,Original,
22,Animation Seisaku Shinkou Kuromi-chan,1797,OVA,7,1,Animation Runner Kuromi,2001-03-30T00:00:00+00:00,,6.93,3846,5157,Comedy,Yumeta Company,Unknown,
23,Animation Seisaku Shinkou Kuromi-chan 2,1798,OVA,7,1,Animation Runner Kuromi 2,2004-01-28T00:00:00+00:00,,6.95,3773,6238,Comedy,Yumeta Company,Unknown,
24,Ao Haru Ride,21995,TV,7,12,Blue Spring Ride,2014-07-08T00:00:00+00:00,2014-09-23T00:00:00+00:00,7.68,1078,186,Comedy,Production I.G,Manga,Summer 2014
25,Ao no 6-gou,1051,OVA,0,4,Blue Submarine No. 6,1998-10-25T00:00:00+00:00,2000-03-25T00:00:00+00:00,7.05,3414,2305,Action,Gonzo,Manga,
26,Ao Oni The Animation,33814,TV,0,13,Aooni The Blue Monster,2016-10-03T00:00:00+00:00,2017-01-09T00:00:00+00:00,5.15,10134,3892,Comedy,Studio Deen,Game,Fall 2016
27,Appleseed,937,OVA,7,1,,1988-04-21T00:00:00+00:00,,6.62,5239,3227,Action,Gainax,Manga,
28,Area 88,1488,OVA,8,3,,1985-02-05T00:00:00+00:00,1986-06-15T00:00:00+00:00,7.53,1482,4248,Action,Studio Pierrot,Manga,
29,Area 88 Movie,33232,Movie,7,1,,1985-07-20T00:00:00+00:00,,6.46,6014,10009,Action,,Manga,
30,Aru Machi Kado no Monogatari,1497,Movie,8,1,Tales of the Street Corner,1962-11-05T00:00:00+00:00,,6.63,5181,7432,Drama,,Original,
31,Asobi Asobase,37171,TV,8,12,Asobi Asobase: Workshop Of Fun,2018-07-08T00:00:00+00:00,2018-09-23T00:00:00+00:00,8.19,312,530,Comedy,Lerche,Manga,Summer 2018
32,Ayakashi: Japanese Classic Horror,586,TV,7,11,,2006-01-13T00:00:00+00:00,2006-03-24T00:00:00+00:00,7.46,1697,2037,Mystery,Toei Animation,Other,Winter 2006
33,Azumanga Daioh,66,TV,8,26,Azumanga Daioh: The Animation,2002-04-09T00:00:00+00:00,2002-10-01T00:00:00+00:00,7.98,556,512,Slice of Life,J.C.Staff,4-koma manga,Spring 2002
34,Babylon,37525,TV,2,12,,2019-10-07T00:00:00+00:00,2020-01-28T00:00:00+00:00,6.86,4159,1338,Mystery,Revoroot,Novel,Fall 2019
35,Baccano!,2251,TV,8,13,Baccano!,2007-07-27T00:00:00+00:00,2007-11-02T00:00:00+00:00,8.42,132,119,Action,Brain's Base,Light novel,Summer 2007
36,Bakemonogatari,5081,TV,8,15,Bakemonogatari,2009-07-03T00:00:00+00:00,2010-06-25T00:00:00+00:00,8.36,172,58,Romance,Shaft,Light novel,Summer 2009
37,Baoh Raihousha,1468,OVA,7,1,Baoh the Visitor,1989-09-16T00:00:00+00:00,,6.12,7574,4368,Action,Studio Pierrot,Manga,
38,Battle Royal High School,3625,OVA,6,1,Battle Royal High School,1987-12-10T00:00:00+00:00,,5.58,9260,5978,Action,AIC,Manga,
39,Battle Spirits: Ryuuko no Ken,1009,OVA,6,1,Art of Fighting,1993-12-23T00:00:00+00:00,,4.84,10456,7799,Action,,Game,
40,Beastars,39195,TV,8,12,,2019-10-10T00:00:00+00:00,2019-12-26T00:00:00+00:00,8.1,409,327,Slice of Life,Orange,Manga,Fall 2019
41,Bernard-jou Iwaku.,33462,TV,8,12,Miss Bernard said.,2016-10-07T00:00:00+00:00,2016-12-23T00:00:00+00:00,6,8074,3674,Comedy,Creators in Pack,Manga,Fall 2016
42,Berserk: Ougon Jidai-hen I - Haou no Tamago,10218,Movie,6,1,Berserk: The Golden Age Arc I - The Egg of the King,2012-02-04T00:00:00+00:00,,7.77,870,882,Action,Studio 4°C,Manga,
43,Bio Hunter,1269,OVA,7,1,,1995-12-08T00:00:00+00:00,,5.94,8251,4752,Action,Madhouse,Manga,
44,Bishoujo Senshi Sailor Moon,530,TV,7,46,Sailor Moon,1992-03-07T00:00:00+00:00,1993-02-27T00:00:00+00:00,7.68,1079,503,Demons,Toei Animation,Manga,Spring 1992
45,Bishoujo Senshi Sailor Moon R: The Movie,531,Movie,8,1,Sailor Moon R: The Movie - The Promise of the Rose,1993-12-05T00:00:00+00:00,,7.7,1026,2172,Drama,Toei Animation,Manga,
46,Black Jack the Movie,1521,Movie,8,1,Black Jack: The Movie,1996-11-30T00:00:00+00:00,,7.33,2182,4767,Drama,Tezuka Productions,Manga,
47,Black Magic M-66,1270,OVA,9,1,,1987-06-28T00:00:00+00:00,,6.39,6342,4557,Action,AIC,Manga,
48,Blood: The Last Vampire,405,Movie,7,1,Blood: The Last Vampire,2000-11-18T00:00:00+00:00,,6.91,3938,1431,Horror,Production I.G,Original,
49,Bohemian Rhapsody,8939,Music,0,1,,2009-12-23T00:00:00+00:00,,5.8,8682,6464,Music,,Manga,
50,Boku no Hero Academia,31964,TV,6,13,My Hero Academia,2016-04-03T00:00:00+00:00,2016-06-26T00:00:00+00:00,8.17,332,7,Action,Bones,Manga,Spring 2016
51,Boku no Hero Academia 2nd Season,33486,TV,7,25,My Hero Academia 2,2017-04-01T00:00:00+00:00,2017-09-30T00:00:00+00:00,8.4,153,17,Action,Bones,Manga,Spring 2017
52,Bounty Hunter: The Hard,4522,OVA,7,1,,1996-05-01T00:00:00+00:00,,5.8,8683,10391,Action,J.C.Staff,Manga,
53,Brain Powerd,1542,TV,8,26,,1998-04-08T00:00:00+00:00,1998-11-11T00:00:00+00:00,6.12,7579,5252,Action,Sunrise,Original,Spring 1998
54,Bubblegum Crisis,1347,OVA,0,8,,1987-02-25T00:00:00+00:00,1991-01-30T00:00:00+00:00,7.29,2362,2693,Adventure,AIC,Original,
55,Bungou Stray Dogs,31478,TV,8,12,Bungo Stray Dogs,2016-04-07T00:00:00+00:00,2016-06-23T00:00:00+00:00,7.78,859,116,Action,Bones,Manga,Spring 2016
56,C: The Money of Soul and Possibility Control,10163,TV,8,11,[C] CONTROL - The Money and Soul of Possibility,2011-04-15T00:00:00+00:00,2011-06-24T00:00:00+00:00,7.26,2508,547,Action,Tatsunoko Production,Original,Spring 2011
57,Call Me Tonight,2147,OVA,7,1,Call Me Tonight,1986-07-28T00:00:00+00:00,,5.3,9889,5485,Comedy,AIC,Unknown,
58,Casshern: Robot Hunter,1598,OVA,0,4,Casshan: Robot Hunter,1993-08-21T00:00:00+00:00,1994-02-21T00:00:00+00:00,6.35,6514,5562,Adventure,Tatsunoko Production,Unknown,
59,Cello Hiki no Gauche (1982),1049,Movie,9,1,Gauche the Cellist,1982-01-23T00:00:00+00:00,,6.92,3914,4467,Music,Oh! Production,Book,
60,Chibi Maruko-chan Movie,3203,Movie,6,1,,1990-12-15T00:00:00+00:00,,7.17,2857,9255,Comedy,,Manga,
61,Chibi Maruko-chan: Watashi no Suki na Uta,9348,Movie,10,1,,1992-12-19T00:00:00+00:00,,7.06,3387,9909,Music,Nippon Animation,Manga,
62,Chihayafuru,10800,TV,9,25,Chihayafuru,2011-10-05T00:00:00+00:00,2012-03-28T00:00:00+00:00,8.25,255,367,Drama,Madhouse,Manga,Fall 2011
63,Chika Gentou Gekiga: Shoujo Tsubaki,2981,Movie,8,1,Midori,1992-05-02T00:00:00+00:00,,5.93,8275,3404,Drama,,Manga,
64,Choboraunyopomi Gekijou Ai Mai Mii,16169,TV,8,13,Ai-Mai-Mi,2013-01-03T00:00:00+00:00,2013-03-27T00:00:00+00:00,5.84,8557,3109,Comedy,Seven,4-koma manga,Winter 2013
65,Choboraunyopomi Gekijou Dai Ni Maku Ai Mai Mii: Mousou Catastrophe,23551,TV,8,12,Ai-Mai-Mi Mousou Catastrophe,2014-07-08T00:00:00+00:00,2014-09-23T00:00:00+00:00,5.99,8103,4615,Comedy,Seven,4-koma manga,Summer 2014
66,Choboraunyopomi Gekijou Dai San Maku Ai Mai Mii: Surgical Friends,34295,TV,0,12,Ai-Mai-Mi Surgical Friends,2017-01-03T00:00:00+00:00,2017-03-21T00:00:00+00:00,6.11,7605,5185,Slice of Life,Seven,4-koma manga,Winter 2017
67,Chokin Senshi Cashman,6484,OVA,6,1,,1997-07-29T00:00:00+00:00,,5.69,8980,9687,Action,,Unknown,
68,Chuukan Kanriroku Tonegawa,37338,TV,9,24,Mr. Tonegawa: Middle Management Blues,2018-07-04T00:00:00+00:00,2018-12-26T00:00:00+00:00,7.14,3020,2902,Comedy,Madhouse,Manga,Summer 2018
69,Cipher,11867,OVA,7,1,Cipher,1989-03-03T00:00:00+00:00,,4.75,10510,5382,Drama,Magic Bus,Manga,
70,Cleopatra,2755,Movie,6,1,Cleopatra: Queen of Sex,1970-09-15T00:00:00+00:00,,5.65,,7001,Sci-Fi,Mushi Production,Original,
71,Code Geass: Hangyaku no Lelouch,1575,TV,5,25,Code Geass: Lelouch of the Rebellion,2006-10-06T00:00:00+00:00,2007-07-29T00:00:00+00:00,8.72,41,13,Action,Sunrise,Original,Fall 2006
72,Code Geass: Hangyaku no Lelouch R2,2904,TV,6,25,Code Geass: Lelouch of the Rebellion R2,2008-04-06T00:00:00+00:00,2008-09-28T00:00:00+00:00,8.91,17,33,Action,Sunrise,Original,Spring 2008
73,Concrete Revolutio: Choujin Gensou,31147,TV,9,13,Concrete Revolutio,2015-10-04T00:00:00+00:00,2015-12-27T00:00:00+00:00,6.72,4755,1676,Action,Bones,Original,Fall 2015
74,Cool Cool Bye,9356,OVA,6,1,,1986-01-21T00:00:00+00:00,,5.14,10159,10571,Action,Studio Bogey,Original,
75,Cosmos Pink Shock,4150,OVA,7,1,,1986-07-21T00:00:00+00:00,,5.51,9439,8710,Comedy,AIC,Original,
76,Cowboy Bebop,1,TV,10,26,Cowboy Bebop,1998-04-03T00:00:00+00:00,1999-04-24T00:00:00+00:00,8.79,24,37,Action,Sunrise,Original,Spring 1998
77,Cowboy Bebop: Tengoku no Tobira,5,Movie,9,1,Cowboy Bebop: The Movie,2001-09-01T00:00:00+00:00,,8.39,158,500,Action,Bones,Original,
78,Crayon Shin-chan Movie 01: Action Kamen vs. Haigure Maou,8358,Movie,7,1,,1993-07-24T00:00:00+00:00,,6.89,4019,6498,Action,Shin-Ei Animation,4-koma manga,
79,Crayon Shin-chan Movie 02: Buriburi Oukoku no Hihou,3745,Movie,7,1,,1994-04-23T00:00:00+00:00,,6.93,3855,6392,Action,Shin-Ei Animation,Manga,
80,Crayon Shin-chan Movie 03: Unkokusai no Yabou,6217,Movie,7,1,,1995-04-15T00:00:00+00:00,,6.91,3939,7385,Sci-Fi,Shin-Ei Animation,Manga,
81,Crayon Shin-chan Movie 05: Ankoku Tamatama Daitsuiseki,6460,Movie,7,1,,1997-04-19T00:00:00+00:00,,7.2,2757,7003,Action,,Manga,
82,Crayon Shin-chan Movie 08: Arashi wo Yobu Jungle,8362,Movie,7,1,,2000-04-22T00:00:00+00:00,,7.15,2954,6884,Action,Shin-Ei Animation,Manga,
83,Crayon Shin-chan Movie 09: Arashi wo Yobu Mouretsu! Otona Teikoku no Gyakushuu,2450,Movie,0,1,,2001-04-21T00:00:00+00:00,,7.7,1027,5971,Comedy,Shin-Ei Animation,Manga,
84,Crayon Shin-chan Movie 10: Arashi wo Yobu Appare! Sengoku Daikassen,3744,Movie,0,1,,2002-04-20T00:00:00+00:00,,7.34,2164,7499,Historical,,Manga,
85,Crayon Shin-chan Movie 11: Arashi wo Yobu Eikou no Yakiniku Road,8363,Movie,0,1,,2003-04-19T00:00:00+00:00,,7.03,3485,7928,Action,,Manga,
86,Crayon Shin-chan Movie 19: Arashi wo Yobu Ougon no Spy Daisakusen,10116,Movie,0,1,,2011-04-16T00:00:00+00:00,,6.83,4260,8335,Comedy,Shin-Ei Animation,Manga,
87,Crusher Joe,2722,Movie,7,1,Crusher Joe: The Movie,1983-03-12T00:00:00+00:00,,6.83,4263,6043,Action,Sunrise,Manga,
88,Cyber City Oedo 808,1352,OVA,8,3,Cyber City,1990-06-21T00:00:00+00:00,1991-10-04T00:00:00+00:00,7.18,2828,3654,Action,Madhouse,Original,
89,D-Frag!,20031,TV,7,12,D-Frag!,2014-01-07T00:00:00+00:00,2014-03-25T00:00:00+00:00,7.59,1287,419,Game,Brain's Base,Manga,Winter 2014
90,Daicon Opening Animations,2724,Special,8,2,,1981-08-22T00:00:00+00:00,1983-08-20T00:00:00+00:00,7.72,974,4034,Action,Gainax,Other,
91,Danna ga Nani wo Itteiru ka Wakaranai Ken,26349,TV,7,13,I Can't Understand What My Husband Is Saying,2014-10-03T00:00:00+00:00,2014-12-26T00:00:00+00:00,7.4,1908,498,Slice of Life,Seven,4-koma manga,Fall 2014
92,Danna ga Nani wo Itteiru ka Wakaranai Ken 2 Sure-me,29067,TV,7,13,I Can't Understand What My Husband Is Saying: 2nd Thread,2015-04-03T00:00:00+00:00,2015-06-26T00:00:00+00:00,7.4,1909,913,Comedy,Seven,4-koma manga,Spring 2015
93,Danshi Koukousei no Nichijou,11843,TV,7,12,Daily Lives of High School Boys,2012-01-10T00:00:00+00:00,2012-03-27T00:00:00+00:00,8.28,231,170,Slice of Life,Sunrise,Web manga,Winter 2012
94,Darkside Blues,1494,Movie,7,1,,1994-10-08T00:00:00+00:00,,6.1,7687,5232,Horror,J.C.Staff,Manga,
95,Dead Leaves,974,Movie,8,1,Dead Leaves,2004-01-16T00:00:00+00:00,,7.22,2667,1758,Adventure,Production I.G,Original,
96,Death Billiards,14353,Movie,6,1,Death Billiards,2013-03-02T00:00:00+00:00,,7.94,613,742,Game,Madhouse,Original,
97,Death Parade,28223,TV,7,12,Death Parade,2015-01-10T00:00:00+00:00,2015-03-28T00:00:00+00:00,8.21,300,48,Game,Madhouse,Original,Winter 2015
98,Deimos no Hanayome: Ran no Kumikyoku,5918,OVA,7,1,Bride of Deimos,1988-08-31T00:00:00+00:00,,5.72,8907,6957,Mystery,Madhouse,Manga,
99,Densetsu Kyojin Ideon,930,TV,6,39,Space Runaway Ideon,1980-05-08T00:00:00+00:00,1981-01-30T00:00:00+00:00,6.96,3747,4538,Sci-Fi,Sunrise,Original,Spring 1980
100,Densetsu Kyojin Ideon: Hatsudou-hen,2761,Movie,8,1,The Ideon: Be Invoked,1982-07-10T00:00:00+00:00,,7.81,796,5783,Sci-Fi,Sunrise,Original,
101,Densetsu Kyojin Ideon: Sesshoku-hen,2760,Movie,6,1,The Ideon: A Contact,1982-07-10T00:00:00+00:00,,6.13,7524,7424,Sci-Fi,Sunrise,Original,
102,Detective Conan Movie 01: The Timed Skyscraper,779,Movie,7,1,Case Closed The Movie: The Time Bombed Skyscraper,1997-04-19T00:00:00+00:00,,7.88,692,2135,Adventure,TMS Entertainment,Manga,
103,Detective Conan Movie 02: The Fourteenth Target,780,Movie,8,1,Case Closed: The Fourteenth Target,1998-04-18T00:00:00+00:00,,7.91,645,2266,Adventure,TMS Entertainment,Manga,
104,Detective Conan Movie 03: The Last Wizard of the Century,781,Movie,7,1,Case Closed Movie 3: The Last Wizard of the Century,1999-04-17T00:00:00+00:00,,8.06,465,2216,Adventure,TMS Entertainment,Manga,
105,Detective Conan Movie 04: Captured in Her Eyes,1363,Movie,7,1,Case Closed Movie 4: Captured In Her Eyes,2000-04-22T00:00:00+00:00,,8.05,467,2295,Adventure,TMS Entertainment,Manga,
106,Detective Conan Movie 05: Countdown to Heaven,1364,Movie,7,1,Case Closed Movie 5: Countdown to Heaven,2001-04-21T00:00:00+00:00,,8.15,348,2274,Adventure,TMS Entertainment,Manga,
107,Detective Conan Movie 06: The Phantom of Baker Street,1365,Movie,5,1,Case Closed: The Phantom of Baker Street,2002-04-20T00:00:00+00:00,,8.32,206,2020,Adventure,TMS Entertainment,Manga,
108,Detective Conan Movie 07: Crossroad in the Ancient Capital,1366,Movie,6,1,,2003-04-19T00:00:00+00:00,,7.85,723,2521,Adventure,TMS Entertainment,Manga,
109,Detective Conan Movie 08: Magician of the Silver Sky,1367,Movie,6,1,,2004-04-17T00:00:00+00:00,,8.12,386,2419,Adventure,TMS Entertainment,Manga,
110,Detective Conan Movie 09: Strategy Above the Depths,1505,Movie,6,1,,2005-04-09T00:00:00+00:00,,7.83,757,2594,Adventure,TMS Entertainment,Manga,
111,Detective Conan Movie 10: Requiem of the Detectives,1506,Movie,7,1,,2006-04-15T00:00:00+00:00,,8.09,421,2438,Adventure,TMS Entertainment,Manga,
112,Detective Conan Movie 11: Jolly Roger in the Deep Azure,2171,Movie,7,1,,2007-04-21T00:00:00+00:00,,7.49,1599,2764,Adventure,TMS Entertainment,Manga,
113,Detective Conan Movie 12: Full Score of Fear,4447,Movie,5,1,,2008-04-19T00:00:00+00:00,,7.83,758,2667,Adventure,TMS Entertainment,Manga,
114,Detective Conan Movie 13: The Raven Chaser,5460,Movie,7,1,Detective Conan: The Jet Black Chaser,2009-04-18T00:00:00+00:00,,8.25,256,2358,Action,Tokyo Movie Shinsha,Manga,
115,Detective Conan Movie 14: The Lost Ship in the Sky,6467,Movie,5,1,,2010-04-17T00:00:00+00:00,,8.16,345,2444,Action,Tokyo Movie Shinsha,Manga,
116,Detective Conan Movie 15: Quarter of Silence,9963,Movie,7,1,,2011-04-16T00:00:00+00:00,,8.04,479,2699,Adventure,TMS Entertainment,Manga,
117,Detective Conan Movie 16: The Eleventh Striker,12117,Movie,4,1,,2012-04-14T00:00:00+00:00,,7.75,911,2865,Adventure,TMS Entertainment,Manga,
118,Detective Conan Movie 17: Private Eye in the Distant Sea,14735,Movie,7,1,,2013-04-20T00:00:00+00:00,,7.72,976,3043,Adventure,TMS Entertainment,Manga,
119,Detective Conan Movie 18: The Sniper from Another Dimension,21419,Movie,6,1,,2014-04-19T00:00:00+00:00,,8.1,411,2913,Action,TMS Entertainment,Manga,
120,Detective Conan Movie 19: The Hellfire Sunflowers,28479,Movie,4,1,Detective Conan: The Sunflowers of Inferno,2015-04-18T00:00:00+00:00,,7.73,940,3182,Action,TMS Entertainment,Manga,
121,Detective Conan Movie 20: The Darkest Nightmare,32005,Movie,3,1,,2016-04-16T00:00:00+00:00,,8.19,313,3101,Action,TMS Entertainment,Manga,
122,Detective Conan Movie 21: The Crimson Love Letter,34430,Movie,6,1,,2017-04-15T00:00:00+00:00,,7.7,1028,3653,Action,TMS Entertainment,Manga,
123,Detective Conan Movie 22: Zero The Enforcer,35798,Movie,5,1,Detective Conan: Zero the Enforcer,2018-04-13T00:00:00+00:00,,7.8,812,3913,Action,TMS Entertainment,Manga,
124,Detective Conan OVA 01: Conan vs. Kid vs. Yaiba,1369,OVA,7,1,,2000-01-01T00:00:00+00:00,,7.26,2511,3908,Adventure,TMS Entertainment,Manga,
125,Detective Conan OVA 02: 16 Suspects,2512,OVA,6,1,,2002-01-01T00:00:00+00:00,,7.33,2186,4224,Adventure,TMS Entertainment,Manga,
126,Detective Conan OVA 03: Conan and Heiji and the Vanished Boy,2513,OVA,5,1,,2003-01-01T00:00:00+00:00,,7.21,2692,4332,Adventure,TMS Entertainment,Manga,
127,Detective Conan OVA 05: The Target is Kogoro! The Detective Boys' Secret Investigation,2515,OVA,6,1,,2005-01-01T00:00:00+00:00,,7.27,2461,4487,Adventure,TMS Entertainment,Manga,
128,Detective Conan OVA 06: Follow the Vanished Diamond! Conan & Heiji vs. Kid!,1368,OVA,6,1,,2006-03-15T00:00:00+00:00,,7.43,1790,4287,Police,TMS Entertainment,Manga,
129,Detective Conan OVA 07: A Challenge from Agasa! Agasa vs. Conan and the Detective Boys,2597,OVA,7,1,,2007-03-13T00:00:00+00:00,,7.28,2434,4504,Adventure,TMS Entertainment,Manga,
130,Detroit Metal City,3702,OVA,8,12,Detroit Metal City: The Animated Series,2008-08-08T00:00:00+00:00,2008-10-28T00:00:00+00:00,8.15,349,800,Music,Studio 4°C,Manga,
131,Devilman: Tanjou-hen,2354,OVA,8,1,Devilman: The Birth,1987-11-01T00:00:00+00:00,,7.15,2955,3456,Demons,Oh! Production,Manga,
132,Devilman: Yochou Sirene-hen,2355,OVA,0,1,Devilman: The Demon Bird,1990-02-25T00:00:00+00:00,,7.02,3541,3955,Demons,Oh! Production,Manga,
133,Digimon Adventure,552,TV,7,54,Digimon: Digital Monsters,1999-03-07T00:00:00+00:00,2000-03-26T00:00:00+00:00,7.8,813,399,Action,Toei Animation,Other,Spring 1999
134,Digimon Adventure 02,1313,TV,6,50,Digimon Adventure 02,2000-04-02T00:00:00+00:00,2001-03-25T00:00:00+00:00,7.25,2542,749,Action,Toei Animation,Original,Spring 2000
135,Digimon Adventure Movie,2961,Movie,0,1,Digimon: The Movie,1999-03-06T00:00:00+00:00,,7.57,1357,1406,Action,Toei Animation,Original,
136,Digimon Tamers,874,TV,8,51,Digimon Tamers,2001-04-01T00:00:00+00:00,2002-03-31T00:00:00+00:00,7.63,1180,896,Adventure,Toei Animation,Original,Spring 2001
137,Digital Juice,1105,OVA,7,6,,2002-01-25T00:00:00+00:00,,5.49,9489,6138,Comedy,Studio 4°C,Unknown,
138,Dirty Pair,424,TV,8,24,Dirty Pair,1985-07-15T00:00:00+00:00,1985-12-26T00:00:00+00:00,7.17,2863,3482,Adventure,Sunrise,Light novel,Summer 1985
139,Dirty Pair: The Movie,1796,Movie,7,1,Dirty Pair: Project Eden,1987-03-14T00:00:00+00:00,,7.07,3322,5650,Action,Sunrise,Light novel,
140,Dominion,1151,OVA,8,4,,1988-05-27T00:00:00+00:00,1989-08-11T00:00:00+00:00,6.94,3826,4253,Sci-Fi,Agent 21,Manga,
141,Dororon Enma-kun Meeramera,9493,TV,7,12,Ghastly Prince Enma Burning Up,2011-04-08T00:00:00+00:00,2011-06-24T00:00:00+00:00,6.54,5636,4014,Action,Brain's Base,Manga,Spring 2011
142,Down Load: Namu Amida Butsu wa Ai no Uta,3152,OVA,8,1,Download: Devil's Circuit,1992-12-18T00:00:00+00:00,,5.79,8706,8669,Action,Madhouse,Original,
143,Dr. Slump Movie 01: Arale-chan Hello! Fushigi Shima,7666,Movie,7,1,Dr. Slump and Arale-chan: Hello! Wonder Island,1981-07-18T00:00:00+00:00,,6.36,6490,9081,Comedy,Toei Animation,Manga,
144,"Dr. Slump Movie 02: ""Hoyoyo!"" Uchuu Daibouken",8546,Movie,0,1,"Dr. Slump: ""Hoyoyo!"" Space Adventure",1982-07-10T00:00:00+00:00,,6.46,6024,9801,Comedy,Toei Animation,Manga,
145,Dr. Stone,38691,TV,6,24,Dr. Stone,2019-07-05T00:00:00+00:00,2019-12-13T00:00:00+00:00,8.35,182,94,Sci-Fi,TMS Entertainment,Manga,Summer 2019
146,Dragon Ball Kai,6033,TV,7,97,Dragon Ball Z Kai,2009-04-05T00:00:00+00:00,2011-03-27T00:00:00+00:00,7.75,912,536,Action,Toei Animation,Manga,Spring 2009
147,Dragon Ball Kai (2014),22777,TV,8,61,Dragon Ball Z Kai: The Final Chapters,2014-04-06T00:00:00+00:00,2015-06-28T00:00:00+00:00,7.72,977,1163,Action,Toei Animation,Manga,Spring 2014
148,Dragon Ball Kai: Mirai ni Heiwa wo! Goku no Tamashii yo Eien ni,11359,Special,5,1,Dragon Ball Z Kai: Bring Peace to the Future! Goku's Spirit is Eternal,2011-08-02T00:00:00+00:00,,7.54,1459,2654,Action,Toei Animation,Manga,
149,Dragon Ball Super Movie: Broly,36946,Movie,8,1,Dragon Ball Super: Broly,2018-12-14T00:00:00+00:00,,8.11,399,790,Action,Toei Animation,Manga,
150,Dragon Ball Z,813,TV,7,291,Dragon Ball Z,1989-04-26T00:00:00+00:00,1996-01-31T00:00:00+00:00,8.17,335,81,Action,Toei Animation,Manga,Spring 1989
151,Dragon Ball Z Movie 01: Ora no Gohan wo Kaese!!,894,Movie,7,1,Dragon Ball Z: Dead Zone,1989-07-15T00:00:00+00:00,,6.72,4760,1410,Action,Toei Animation,Manga,
152,Dragon Ball Z Movie 02: Kono Yo de Ichiban Tsuyoi Yatsu,895,Movie,8,1,Dragon Ball Z: The World's Strongest,1990-03-10T00:00:00+00:00,,6.67,4981,1499,Action,Toei Animation,Manga,
153,Dragon Ball Z Movie 03: Chikyuu Marugoto Choukessen,896,Movie,5,1,Dragon Ball Z: The Tree of Might,1990-07-07T00:00:00+00:00,,6.75,4612,1327,Action,Toei Animation,Manga,
154,Dragon Ball Z Movie 04: Super Saiyajin da Son Gokuu,897,Movie,5,1,Dragon Ball Z: Lord Slug,1991-03-09T00:00:00+00:00,,6.61,5273,1475,Action,Toei Animation,Manga,
155,Dragon Ball Z Movie 05: Tobikkiri no Saikyou tai Saikyou,898,Movie,5,1,Dragon Ball Z: Cooler's Revenge,1991-07-20T00:00:00+00:00,,7.07,3325,1280,Action,Toei Animation,Manga,
156,Dragon Ball Z Movie 06: Gekitotsu!! 100-oku Power no Senshi-tachi,899,Movie,6,1,Dragon Ball Z: The Return of Cooler,1992-03-07T00:00:00+00:00,,6.85,4185,1388,Action,Toei Animation,Manga,
157,Dragon Ball Z Movie 07: Kyokugen Battle!! Sandai Super Saiyajin,900,Movie,6,1,Dragon Ball Z: Super Android 13!,1992-07-11T00:00:00+00:00,,6.91,3946,1448,Action,Toei Animation,Manga,
158,"Dragon Ball Z Movie 08: Moetsukiro!! Nessen, Ressen, Chougekisen",901,Movie,5,1,Dragon Ball Z: Broly – The Legendary Super Saiyan,1993-03-06T00:00:00+00:00,,7.36,2075,1164,Action,Toei Animation,Manga,
159,Dragon Ball Z Movie 09: Ginga Girigiri!! Bucchigiri no Sugoi Yatsu,902,Movie,7,1,Dragon Ball Z: Bojack Unbound,1993-07-10T00:00:00+00:00,,7.14,3024,1476,Action,Toei Animation,Manga,
160,Dragon Ball Z Movie 10: Kiken na Futari! Super Senshi wa Nemurenai,903,Movie,6,1,Dragon Ball Z: Broly – Second Coming,1994-03-12T00:00:00+00:00,,6.84,4235,1357,Action,Toei Animation,Manga,
161,Dragon Ball Z Movie 11: Super Senshi Gekiha!! Katsu no wa Ore da,904,Movie,6,1,Dragon Ball Z: Bio-Broly,1994-07-09T00:00:00+00:00,,5.94,8256,1465,Action,Toei Animation,Manga,
162,Dragon Ball Z Movie 12: Fukkatsu no Fusion!! Gokuu to Vegeta,905,Movie,8,1,Dragon Ball Z: Fusion Reborn,1995-03-04T00:00:00+00:00,,7.56,1398,1263,Action,Toei Animation,Manga,
163,Dragon Ball Z Movie 13: Ryuuken Bakuhatsu!! Gokuu ga Yaraneba Dare ga Yaru,906,Movie,7,1,Dragon Ball Z: Wrath of the Dragon,1995-07-15T00:00:00+00:00,,7.36,2076,1419,Action,Toei Animation,Manga,
164,Dragon Ball Z Movie 14: Kami to Kami,14837,Movie,0,1,Dragon Ball Z: Battle of Gods,2013-03-30T00:00:00+00:00,,7.43,1791,957,Action,Toei Animation,Manga,
165,"Dragon Ball Z Movie 15: Fukkatsu no ""F""",25389,Movie,0,1,Dragon Ball Z: Resurrection 'F',2015-04-18T00:00:00+00:00,,7.13,3049,1213,Action,Toei Animation,Manga,
166,Dragon's Heaven,3135,OVA,7,1,Dragon's Heaven,1988-02-25T00:00:00+00:00,,6.07,7799,5909,Action,AIC,Manga,
167,Dumbbell Nan Kilo Moteru?,39026,TV,5,12,How heavy are the dumbbells you lift?,2019-07-03T00:00:00+00:00,2019-09-18T00:00:00+00:00,7.4,1912,648,Comedy,Doga Kobo,Web manga,Summer 2019
168,Eat-Man,1704,TV,7,12,,1997-01-09T00:00:00+00:00,1997-03-27T00:00:00+00:00,6.47,5946,5256,Action,Studio Deen,Manga,Winter 1997
169,Eguchi Hisashi no Kotobuki Gorou Show,20385,OVA,7,4,,1991-05-21T00:00:00+00:00,1991-11-21T00:00:00+00:00,5.04,10298,10094,Comedy,Studio Pierrot,Manga,
170,Eikyuu Kazoku,1106,Movie,8,1,,1997-04-01T00:00:00+00:00,,5.96,8197,5166,Psychological,Studio 4°C,Unknown,
171,Eizouken ni wa Te wo Dasu na!,39792,TV,10,12,Keep Your Hands Off Eizouken!,2020-01-06T00:00:00+00:00,2020-03-23T00:00:00+00:00,8.18,322,761,Adventure,Science SARU,Manga,Winter 2020
172,Enen no Shouboutai,38671,TV,8,24,Fire Force,2019-07-06T00:00:00+00:00,2019-12-28T00:00:00+00:00,7.72,980,159,Action,David Production,Manga,Summer 2019
173,Evangelion: 1.0 You Are (Not) Alone,2759,Movie,7,1,Evangelion: 1.0 You Are (Not) Alone,2007-09-01T00:00:00+00:00,,8.08,435,351,Action,Khara,Original,
174,Evangelion: 2.0 You Can (Not) Advance,3784,Movie,8,1,Evangelion: 2.0 You Can (Not) Advance,2009-07-27T00:00:00+00:00,,8.35,183,364,Action,Khara,Original,
175,Evangelion: 3.0 You Can (Not) Redo,3785,Movie,7,1,Evangelion: 3.0 You Can (Not) Redo,2012-11-17T00:00:00+00:00,,7.59,1292,527,Action,Khara,Original,
176,Explorer Woman Ray,4252,OVA,7,2,,1989-05-26T00:00:00+00:00,1989-06-23T00:00:00+00:00,5.41,9665,9942,Action,AIC,Unknown,
177,Fantasia,3597,OVA,0,1,Girl from Phantasia,1993-11-26T00:00:00+00:00,,5.48,9524,8835,Comedy,Production I.G,Manga,
178,Fashion,7020,Movie,0,1,,1960-01-01T00:00:00+00:00,,4.46,10648,11222,Comedy,,Original,
179,Fatal Fury: Legend of the Hungry Wolf,1799,OVA,6,1,Fatal Fury: Legend of the Hungry Wolf,1992-12-23T00:00:00+00:00,,6.46,6030,5163,Action,,Game,
180,Fatal Fury: The Motion Picture,504,Movie,5,1,Fatal Fury: The Motion Picture,1994-07-16T00:00:00+00:00,,6.6,5347,4688,Action,,Game,
181,Final Fantasy: The Spirits Within,1361,Movie,0,1,Final Fantasy: The Spirits Within,2001-07-02T00:00:00+00:00,,6.38,6412,1816,Sci-Fi,Square Enix,Game,
182,Five Star Stories,2042,Movie,6,1,The Five Star Stories,1989-03-11T00:00:00+00:00,,6.61,5275,4795,Action,Sunrise,Manga,
183,FLCL,227,OVA,10,6,FLCL,2000-04-26T00:00:00+00:00,2001-03-16T00:00:00+00:00,8.03,485,163,Action,Gainax,Original,
184,Flying Luna Clipper,39020,OVA,8,1,Flying Luna Clipper,1987-10-20T00:00:00+00:00,,5.98,8150,12634,Music,,Original,
185,Flying Witch,31376,TV,7,12,Flying Witch,2016-04-10T00:00:00+00:00,2016-06-26T00:00:00+00:00,7.54,1462,662,Slice of Life,J.C.Staff,Manga,Spring 2016
186,Fushigi na Somera-chan,30746,TV,7,12,,2015-10-07T00:00:00+00:00,2015-12-23T00:00:00+00:00,5.89,8390,4486,Comedy,Seven,4-koma manga,Fall 2015
187,Fushigi no Umi no Nadia,1251,TV,9,39,Nadia: Secret of Blue Water,1990-04-13T00:00:00+00:00,1991-04-12T00:00:00+00:00,7.54,1463,2231,Adventure,Gainax,Original,Spring 1990
188,Future GPX Cyber Formula,1391,TV,6,37,,1991-03-15T00:00:00+00:00,1991-12-20T00:00:00+00:00,7.35,2108,6211,Adventure,Sunrise,Original,Spring 1991
189,Ga no Iru Tokoro,23051,Movie,6,1,A Place Where There Are Moths,2001-01-01T00:00:00+00:00,,4.55,10623,10825,Dementia,,Original,
190,Gabriel DropOut,33731,TV,6,12,Gabriel DropOut,2017-01-09T00:00:00+00:00,2017-03-27T00:00:00+00:00,7.51,1544,375,Comedy,Doga Kobo,Manga,Winter 2017
191,Gake no Ue no Ponyo,2890,Movie,7,1,Ponyo,2008-07-19T00:00:00+00:00,,7.89,667,368,Adventure,Studio Ghibli,Original,
192,Gakuen Handsome,33392,TV,8,12,Gakuen Handsome,2016-10-04T00:00:00+00:00,2016-12-20T00:00:00+00:00,6.58,5435,3091,Comedy,Team YokkyuFuman,Game,Fall 2016
193,Gantz,384,TV,7,13,Gantz,2004-04-13T00:00:00+00:00,2004-06-22T00:00:00+00:00,7.06,3394,468,Action,Gonzo,Manga,Spring 2004
194,Gatchaman,3154,OVA,7,3,,1994-10-01T00:00:00+00:00,1995-04-01T00:00:00+00:00,6.43,6162,7566,Action,Tatsunoko Production,Unknown,
195,Gatchaman Crowds,18229,TV,7,12,Gatchaman Crowds,2013-07-13T00:00:00+00:00,2013-09-28T00:00:00+00:00,7.34,2168,861,Sci-Fi,Tatsunoko Production,Original,Summer 2013
196,Gatchaman Crowds Insight,21039,TV,6,12,Gatchaman Crowds Insight,2015-07-05T00:00:00+00:00,2015-09-27T00:00:00+00:00,7.31,2279,1864,Adventure,Tatsunoko Production,Original,Summer 2015
197,Gatchaman Crowds Insight: Inbound,30925,ONA,7,1,Gatchaman Crowds Insight,2015-06-20T00:00:00+00:00,,7.03,3493,3351,Sci-Fi,Tatsunoko Production,Original,
198,gdgd Fairies,11809,TV,6,12,,2011-10-13T00:00:00+00:00,2011-12-29T00:00:00+00:00,6.81,4350,6784,Comedy,,Original,
199,Gekkan Shoujo Nozaki-kun,23289,TV,8,12,Monthly Girls' Nozaki-kun,2014-07-07T00:00:00+00:00,2014-09-22T00:00:00+00:00,7.99,537,134,Comedy,Doga Kobo,4-koma manga,Summer 2014
200,Genius Party,3508,Movie,7,7,,2007-07-07T00:00:00+00:00,,7.22,2676,2876,Action,Studio 4°C,Original,
201,Genmu Senki Leda,2196,OVA,8,1,Fantastic Adventure Of Yohko: Leda,1985-03-01T00:00:00+00:00,,6.2,7251,6572,Action,Kaname Productions,Original,
202,Genocyber,2775,OVA,7,5,,1994-03-02T00:00:00+00:00,1994-07-21T00:00:00+00:00,5.85,8523,3169,Action,Artmic,Manga,
203,Giant Robo the Animation: Chikyuu ga Seishi Suru Hi,2321,OVA,7,7,Giant Robo the Animation: The Day the Earth Stood Still,1992-07-23T00:00:00+00:00,1998-01-25T00:00:00+00:00,7.85,724,3503,Action,Phoenix Entertainment,Manga,
204,Gin no Saji,16918,TV,7,11,Silver Spoon,2013-07-12T00:00:00+00:00,2013-09-20T00:00:00+00:00,8.12,389,603,Comedy,A-1 Pictures,Manga,Summer 2013
205,Ginga Tansa 2100-nen: Border Planet,4917,Special,6,1,Galaxy Investigation 2100: Border Planet,1986-08-24T00:00:00+00:00,,5.93,8279,10877,Sci-Fi,Tezuka Productions,Original,
206,Ginga Tetsudou 999 (Movie),1301,Movie,7,1,Galaxy Express 999,1979-08-04T00:00:00+00:00,,7.58,1338,4095,Sci-Fi,Toei Animation,Manga,
207,Giniro no Kami no Agito,1140,Movie,5,1,Origin: Spirits of the Past,2006-01-07T00:00:00+00:00,,7.12,3104,1857,Adventure,Gonzo,Original,
208,Go! Go! Ackman,6413,OVA,7,1,,1994-01-01T00:00:00+00:00,,6.16,7418,9338,Action,Toei Animation,Manga,
209,Godzilla 1: Kaijuu Wakusei,33783,Movie,5,1,Godzilla: Planet of the Monsters,2017-11-17T00:00:00+00:00,,6.55,5565,2307,Action,Polygon Pictures,Original,
210,Godzilla 2: Kessen Kidou Zoushoku Toshi,36816,Movie,5,1,Godzilla: City on the Edge of Battle,2018-05-18T00:00:00+00:00,,6.72,4763,3039,Action,Polygon Pictures,Original,
211,Godzilla 3: Hoshi wo Kuu Mono,37897,Movie,6,1,Godzilla: The Planet Eater,2018-11-09T00:00:00+00:00,,6.3,6777,3509,Action,Polygon Pictures,Original,
212,Gokiburi-tachi no Tasogare,4210,Movie,6,1,Twilight of the Cockroaches,1987-11-21T00:00:00+00:00,,5.88,8446,9302,Drama,Madhouse,Original,
213,Goku Sayonara Zetsubou Sensei,4872,OVA,7,3,Goodbye Mr. Despair OAD,2008-10-17T00:00:00+00:00,2009-02-17T00:00:00+00:00,7.86,716,2019,Comedy,Shaft,Manga,
214,Golgo 13,1760,Movie,9,1,Golgo 13: The Professional,1983-05-28T00:00:00+00:00,,6.77,4513,4371,Action,Tokyo Movie Shinsha,Manga,
215,Golgo 13: Queen Bee,1761,OVA,7,1,Golgo 13: Queen Bee,1998-05-21T00:00:00+00:00,,6.6,5354,5292,Action,Filmlink International,Manga,
216,Gosho Aoyama's Collection of Short Stories,5578,Special,8,7,,1999-03-17T00:00:00+00:00,1999-12-22T00:00:00+00:00,7.31,2280,6662,Adventure,TMS Entertainment,Unknown,
217,Gundam Build Divers Prologue,37247,ONA,5,1,,2018-02-02T00:00:00+00:00,,6.52,5731,6252,Action,Sunrise,Original,
218,Gundam Build Fighters,19319,TV,7,25,Gundam Build Fighters,2013-10-07T00:00:00+00:00,2014-03-31T00:00:00+00:00,7.81,798,1991,Action,Sunrise,Original,Fall 2013
219,Gundam Build Fighters Try,24625,TV,2,25,Gundam Build Fighters Try,2014-10-08T00:00:00+00:00,2015-04-01T00:00:00+00:00,7.3,2341,2725,Action,Sunrise,Original,Fall 2014
220,Gundam Build Fighters Try: Island Wars,30533,OVA,7,1,,2016-08-21T00:00:00+00:00,,6.82,4329,4981,Action,Sunrise,Original,
221,Gundam: G no Reconguista,23259,TV,7,26,Gundam Reconguista in G,2014-10-03T00:00:00+00:00,2015-03-27T00:00:00+00:00,5.76,8792,3211,Action,Sunrise,Original,Fall 2014
222,Gunnm,1016,OVA,6,2,Battle Angel Alita,1993-06-21T00:00:00+00:00,1993-08-21T00:00:00+00:00,7.09,3223,2329,Drama,Madhouse,Manga,
223,Gurazeni,35183,TV,8,12,Gurazeni: Money Pitch,2018-04-06T00:00:00+00:00,2018-06-22T00:00:00+00:00,6.34,6591,4803,Comedy,Studio Deen,Manga,Spring 2018
224,Gyakkyou Burai Kaiji: Hakairoku-hen,10271,TV,6,26,Kaiji: Against All Rules,2011-04-06T00:00:00+00:00,2011-09-28T00:00:00+00:00,8.25,257,1045,Game,Madhouse,Manga,Spring 2011
225,Gyakkyou Burai Kaiji: Ultimate Survivor,3002,TV,8,26,Kaiji: Ultimate Survivor,2007-10-03T00:00:00+00:00,2008-04-02T00:00:00+00:00,8.28,234,576,Game,Madhouse,Manga,Fall 2007
226,Hachimitsu to Clover,16,TV,8,24,Honey and Clover,2005-04-15T00:00:00+00:00,2005-09-27T00:00:00+00:00,8.07,448,650,Comedy,J.C.Staff,Manga,Spring 2005
227,Hacka Doll The Animation,30721,TV,7,13,Hackadoll The Animation,2015-10-02T00:00:00+00:00,2015-12-25T00:00:00+00:00,6.42,6218,2516,Comedy,Creators in Pack,Other,Fall 2015
228,Hadashi no Gen,1824,Movie,8,1,Barefoot Gen,1983-07-21T00:00:00+00:00,,7.8,816,2666,Drama,Madhouse,Manga,
229,Haibane Renmei,387,TV,9,13,Haibane Renmei,2002-10-10T00:00:00+00:00,2002-12-19T00:00:00+00:00,7.99,538,669,Slice of Life,Radix,Other,Fall 2002
230,Hanamaru Youchien,6574,TV,8,12,Hanamaru Kindergarten,2010-01-11T00:00:00+00:00,2010-03-29T00:00:00+00:00,7.32,2257,1842,Slice of Life,Gainax,Manga,Winter 2010
231,Hanamonogatari,21855,TV,7,5,Hanamonogatari,2014-08-16T00:00:00+00:00,,8.01,516,415,Mystery,Shaft,Light novel,Summer 2014
232,Hataraku Maou-sama!,15809,TV,6,13,The Devil is a Part-Timer!,2013-04-04T00:00:00+00:00,2013-06-27T00:00:00+00:00,7.85,725,60,Comedy,White Fox,Light novel,Spring 2013
233,HeatGuy J,958,TV,6,25,HeatGuy J,2002-10-02T00:00:00+00:00,2003-03-26T00:00:00+00:00,7.18,2839,4009,Action,Satelight,Original,Fall 2002
234,HeatGuy J Special,1774,Special,6,1,HeatGuy J Special,2003-09-26T00:00:00+00:00,,7.03,3496,8359,Action,Satelight,Original,
235,Heya Camp△,38476,TV,6,12,Room Camp,2020-01-06T00:00:00+00:00,2020-03-23T00:00:00+00:00,7.16,2929,1958,Slice of Life,C-Station,Manga,Winter 2020
236,Heya/Keitai,23061,Movie,0,1,Gestalt,1999-01-01T00:00:00+00:00,,5.65,9087,11155,Fantasy,,Original,
237,Hi no Tori,1371,TV,7,13,Bird of Fire,2004-03-21T00:00:00+00:00,2004-06-27T00:00:00+00:00,7.11,3135,5443,Adventure,Tezuka Productions,Manga,Spring 2004
238,Hi no Tori: Houou-hen,2997,Movie,0,1,Phoenix: Karma Chapter,1986-12-20T00:00:00+00:00,,6.9,4005,7939,Drama,Madhouse,Manga,
239,Hibike! Euphonium,27989,TV,10,13,Sound! Euphonium,2015-04-08T00:00:00+00:00,2015-07-01T00:00:00+00:00,8.01,517,406,Music,Kyoto Animation,Novel,Spring 2015
240,Hibike! Euphonium 2,31988,TV,9,13,Sound! Euphonium 2,2016-10-06T00:00:00+00:00,2016-12-29T00:00:00+00:00,8.3,220,895,Music,Kyoto Animation,Novel,Fall 2016
241,Hibike! Euphonium: Kakedasu Monaka,31665,Special,8,1,"Sound! Euphonium Episode 14 – Ready, Set, Monaka",2015-12-16T00:00:00+00:00,,7.47,1659,2477,Drama,Kyoto Animation,Novel,
242,Hidamari Sketch,1852,TV,8,12,Hidamari Sketch,2007-01-12T00:00:00+00:00,2007-03-30T00:00:00+00:00,7.45,1729,1813,Comedy,Shaft,4-koma manga,Winter 2007
243,Hidamari Sketch Specials,3165,Special,8,2,,2007-10-18T00:00:00+00:00,,7.54,1470,3746,Slice of Life,Shaft,4-koma manga,
244,Hidamari Sketch x 365,3604,TV,6,13,Hidamari Sketch x 365,2008-07-04T00:00:00+00:00,2008-09-26T00:00:00+00:00,7.84,748,3059,Slice of Life,Shaft,4-koma manga,Summer 2008
245,High School Agent,18557,OVA,7,2,,1987-07-01T00:00:00+00:00,1987-10-02T00:00:00+00:00,5.54,9384,10680,Action,J.C.Staff,Manga,
246,High School! Kimengumi (Movie),5956,Movie,7,1,,1986-07-12T00:00:00+00:00,,6.09,7719,11326,Comedy,,Manga,
247,High Score Girl,21877,TV,6,12,,2018-07-14T00:00:00+00:00,2018-09-29T00:00:00+00:00,7.92,640,909,Game,J.C.Staff,Manga,Summer 2018
248,Highlander: The Search for Vengeance,2178,Movie,6,1,,2007-02-14T00:00:00+00:00,,6.76,4585,4092,Action,Madhouse,Unknown,
249,Himouto! Umaru-chan,28825,TV,7,12,Himouto! Umaru-chan,2015-07-09T00:00:00+00:00,2015-09-24T00:00:00+00:00,7.2,2764,244,Comedy,Doga Kobo,Manga,Summer 2015
250,Hipira-kun,7723,TV,7,10,,2009-12-21T00:00:00+00:00,2009-12-25T00:00:00+00:00,6.13,7533,7801,Comedy,Sunrise,Picture book,Fall 2009
251,Hipira-kun ONA,22983,ONA,7,2,,2010-04-07T00:00:00+00:00,,5.71,8924,11004,Comedy,Sunrise,Unknown,
252,Hipira-kun Special,22985,Special,7,1,,2014-01-29T00:00:00+00:00,,5.74,8855,11752,Comedy,Sunrise,Unknown,
253,Hokuto no Ken Movie,1358,Movie,7,1,Fist of the North Star: The Movie,1986-03-08T00:00:00+00:00,,7.2,2765,3886,Sci-Fi,Toei Animation,Unknown,
254,Hoshi no Koe,256,OVA,2,1,Voices of a Distant Star,2002-02-02T00:00:00+00:00,,7.24,2590,1070,Sci-Fi,CoMix Wave Films,Original,
255,Hoshiai no Sora,37972,TV,9,12,Stars Align,2019-10-11T00:00:00+00:00,2019-12-27T00:00:00+00:00,7.51,1547,1433,Slice of Life,8bit,Original,Fall 2019
256,Howl no Ugoku Shiro,431,Movie,7,1,Howl's Moving Castle,2004-11-20T00:00:00+00:00,,8.67,48,96,Adventure,Studio Ghibli,Novel,
257,Hulaing Babies,34332,TV,9,12,,2019-01-11T00:00:00+00:00,2019-03-29T00:00:00+00:00,5.91,8339,7443,Slice of Life,Gaina,Original,Winter 2019
258,Hyouka,12189,TV,8,22,Hyouka,2012-04-23T00:00:00+00:00,2012-09-17T00:00:00+00:00,8.15,351,76,Mystery,Kyoto Animation,Novel,Spring 2012
259,Hyouka: Motsubeki Mono wa,13469,OVA,7,1,,2012-07-08T00:00:00+00:00,,7.37,2024,1082,Mystery,Kyoto Animation,Light novel,
260,Id:Invaded,40046,TV,7,13,ID: INVADED,2020-01-06T00:00:00+00:00,2020-03-23T00:00:00+00:00,7.92,641,773,Mystery,NAZ,Original,Winter 2020
261,Ike! Ina-chuu Takkyuubu,914,TV,5,26,The Ping-Pong Club,1995-04-06T00:00:00+00:00,1995-09-28T00:00:00+00:00,7.58,1341,4223,Comedy,Studio Hibari,Manga,Spring 1995
262,Inferno Cop,16774,ONA,8,13,,2012-12-25T00:00:00+00:00,2013-03-19T00:00:00+00:00,7.29,2372,1552,Action,Trigger,Original,
263,Innocence,468,Movie,9,1,Ghost in the Shell 2: Innocence,2004-03-06T00:00:00+00:00,,7.83,762,1055,Military,Production I.G,Manga,
264,Interstella5555: The 5tory of The 5ecret 5tar 5ystem,731,Music,8,1,,2003-12-01T00:00:00+00:00,,8.13,377,2033,Adventure,Toei Animation,Music,
265,Itou Junji: Collection,36124,TV,5,12,The Junji Ito Collection,2018-01-05T00:00:00+00:00,2018-03-23T00:00:00+00:00,6.16,7424,1483,Mystery,Studio Deen,Manga,Winter 2018
266,Jin-Rou,570,Movie,7,1,Jin-Roh: The Wolf Brigade,2000-06-03T00:00:00+00:00,,7.79,838,1152,Military,Production I.G,Manga,
267,Jinrui wa Suitai Shimashita,10357,TV,9,12,Humanity Has Declined,2012-07-02T00:00:00+00:00,2012-09-17T00:00:00+00:00,7.79,839,897,Comedy,AIC ASTA,Light novel,Summer 2012
268,Jinzou Ningen Kikaider The Animation,598,TV,6,13,Android Kikaider,2000-10-16T00:00:00+00:00,2001-01-08T00:00:00+00:00,6.99,3644,5183,Action,Radix,Unknown,Fall 2000
269,JoJo no Kimyou na Bouken,666,OVA,7,6,JoJo's Bizarre Adventure,1993-11-19T00:00:00+00:00,1994-11-18T00:00:00+00:00,7.34,2173,1756,Adventure,APPP,Manga,
270,JoJo no Kimyou na Bouken (TV),14719,TV,8,26,JoJo's Bizarre Adventure,2012-10-06T00:00:00+00:00,2013-04-06T00:00:00+00:00,8.12,392,78,Action,David Production,Manga,Fall 2012
271,JoJo no Kimyou na Bouken Part 3: Stardust Crusaders,20899,TV,7,24,JoJo's Bizarre Adventure: Stardust Crusaders,2014-04-05T00:00:00+00:00,2014-09-13T00:00:00+00:00,8.14,364,145,Action,David Production,Manga,Spring 2014
272,JoJo no Kimyou na Bouken Part 3: Stardust Crusaders 2nd Season,26055,TV,8,24,JoJo's Bizarre Adventure: Stardust Crusaders - Battle in Egypt,2015-01-10T00:00:00+00:00,2015-06-20T00:00:00+00:00,8.47,108,173,Action,David Production,Manga,Winter 2015
273,Joshikousei no Mudazukai,38619,TV,7,12,Wasteful Days of High School Girl,2019-07-05T00:00:00+00:00,2019-09-20T00:00:00+00:00,7.71,1005,1757,Comedy,Passione,Web manga,Summer 2019
274,Jumping,2211,Movie,8,1,,1984-06-01T00:00:00+00:00,,6.49,5864,7058,Adventure,,Original,
275,Juubee Ninpuuchou,617,Movie,7,1,Ninja Scroll,1993-06-05T00:00:00+00:00,,7.62,1228,1349,Adventure,Madhouse,Original,
276,K-On!,5680,TV,7,13,K-ON!,2009-04-03T00:00:00+00:00,2009-06-26T00:00:00+00:00,7.84,753,105,Music,Kyoto Animation,4-koma manga,Spring 2009
277,K-On! Movie,9617,Movie,8,1,K-ON! The Movie,2011-12-03T00:00:00+00:00,,8.34,191,599,Music,Kyoto Animation,4-koma manga,
278,K-On!!,7791,TV,8,26,K-ON! Season 2,2010-04-07T00:00:00+00:00,2010-09-29T00:00:00+00:00,8.15,352,227,Comedy,Kyoto Animation,4-koma manga,Spring 2010
279,K-On!!: Keikaku!,9734,Special,7,1,,2011-03-16T00:00:00+00:00,,7.85,729,1439,Comedy,Kyoto Animation,Original,
280,K-On!: Live House!,6862,Special,7,1,,2010-01-19T00:00:00+00:00,,7.84,754,1165,Comedy,Kyoto Animation,4-koma manga,
281,Kabukichou Sherlock,38161,TV,3,24,Case File nº221: Kabukicho,2019-10-12T00:00:00+00:00,2020-03-28T00:00:00+00:00,6.93,3864,1825,Mystery,Production I.G,Original,Fall 2019
282,Kago Shintarou Anime Sakuhin Shuu,10003,OVA,0,15,,2008-01-01T00:00:00+00:00,,5.04,10300,6892,Comedy,,Original,
283,Kaguya-sama wa Kokurasetai: Tensai-tachi no Renai Zunousen,37999,TV,8,12,Kaguya-sama: Love is War,2019-01-12T00:00:00+00:00,2019-03-30T00:00:00+00:00,8.44,125,99,Comedy,A-1 Pictures,Manga,Winter 2019
284,Kaguya-sama wa Kokurasetai?: Tensai-tachi no Renai Zunousen,40591,TV,9,12,Kaguya-sama: Love is War Season 2,2020-04-11T00:00:00+00:00,2020-06-27T00:00:00+00:00,8.79,25,202,Comedy,A-1 Pictures,Manga,Spring 2020
285,Kaiba,3701,TV,9,12,Kaiba,2008-04-11T00:00:00+00:00,2008-07-25T00:00:00+00:00,8.17,338,1234,Adventure,Madhouse,Original,Spring 2008
286,Kakegurui,34933,TV,7,12,Kakegurui: Compulsive Gambler,2017-07-01T00:00:00+00:00,2017-09-23T00:00:00+00:00,7.46,1709,110,Game,MAPPA,Manga,Summer 2017
287,Kakegurui××,37086,TV,7,12,,2019-01-09T00:00:00+00:00,2019-03-27T00:00:00+00:00,7.38,2004,344,Drama,MAPPA,Manga,Winter 2019
288,Kakushigoto (TV),40716,TV,7,12,Kakushigoto,2020-04-02T00:00:00+00:00,2020-06-18T00:00:00+00:00,8.03,486,815,Slice of Life,Ajia-Do,Manga,Spring 2020
289,Kamen Rider SD Kaiki?! Kumo Otoko,3100,OVA,6,1,,1993-01-23T00:00:00+00:00,,6.22,7144,10107,Action,,Unknown,
290,Kamichu!,489,TV,8,12,Kamichu!,2005-06-29T00:00:00+00:00,2005-09-27T00:00:00+00:00,7.4,1924,2176,Comedy,Brain's Base,Original,Summer 2005
291,Kamichu! Specials,3449,Special,8,4,The Goddess is a Middle School Student,2005-11-23T00:00:00+00:00,2006-03-29T00:00:00+00:00,7.5,1581,4860,Slice of Life,Brain's Base,Original,
292,Kamui no Ken,496,Movie,8,1,,1985-03-09T00:00:00+00:00,,6.61,5287,6209,Adventure,Madhouse,Novel,
293,Kanashimi no Belladonna,3220,Movie,10,1,Belladonna of Sadness,1973-06-30T00:00:00+00:00,,7.12,,3401,Dementia,Mushi Production,Book,
294,"Kanojo, Okarishimasu",40839,TV,8,12,Rent-a-Girlfriend,2020-07-11T00:00:00+00:00,2020-09-26T00:00:00+00:00,7.38,2005,395,Comedy,TMS Entertainment,Manga,Summer 2020
295,Karakuri no Kimi,1658,OVA,6,1,Puppet Princess,2000-03-24T00:00:00+00:00,,6.49,5866,6194,Action,TMS Entertainment,Manga,
296,Karigurashi no Arrietty,7711,Movie,8,1,The Secret World of Arrietty,2010-07-17T00:00:00+00:00,,7.96,588,634,Fantasy,Studio Ghibli,Novel,
297,Katanagatari,6594,TV,8,12,Katanagatari,2010-01-26T00:00:00+00:00,2010-12-11T00:00:00+00:00,8.37,171,275,Action,White Fox,Light novel,Winter 2010
298,Katte ni Kaizou,10191,OVA,7,6,,2011-05-23T00:00:00+00:00,2011-10-26T00:00:00+00:00,6.92,3932,3087,Comedy,Shaft,Manga,
299,Kaze no Matasaburou,12141,OVA,7,1,,1988-08-20T00:00:00+00:00,,5.85,8526,10479,Slice of Life,Madhouse,Novel,
300,Kaze no Tairiku,1777,Movie,7,1,The Weathering Continent,1992-07-18T00:00:00+00:00,,6.23,7089,6566,Action,Production I.G,Light novel,
301,Kaze no Tani no Nausicaä,572,Movie,9,1,Nausicaä of the Valley of the Wind,1984-03-11T00:00:00+00:00,,8.41,144,491,Adventure,Studio Hibari,Manga,
302,Kaze to Ki no Uta Sanctus: Sei Naru Kana,1637,OVA,8,1,The Poem of Wind and Trees,1987-11-06T00:00:00+00:00,,6.88,4105,4628,Drama,,Manga,
303,Kenpuu Denki Berserk,33,TV,8,25,Berserk,1997-10-08T00:00:00+00:00,1998-04-01T00:00:00+00:00,8.48,104,287,Action,OLM,Manga,Fall 1997
304,Kenritsu Chikyuu Boueigun,2422,OVA,8,1,Prefectural Earth Defense Force,1986-03-21T00:00:00+00:00,,6.15,7443,8459,Action,Gallop,Manga,
305,Kick-Heart,16149,Movie,9,1,,2013-05-26T00:00:00+00:00,,6.39,6355,3950,Comedy,Production I.G,Unknown,
306,Kidou Keisatsu Patlabor,1288,OVA,9,7,Patlabor: The Mobile Police,1988-04-25T00:00:00+00:00,1989-06-25T00:00:00+00:00,7.29,2374,3274,Comedy,Studio Deen,Original,
307,Kidou Keisatsu Patlabor 2 the Movie,1096,Movie,9,1,Mobile Police Patlabor 2: The Movie,1993-08-07T00:00:00+00:00,,7.89,672,3237,Military,Production I.G,Original,
308,Kidou Keisatsu Patlabor the Movie,1095,Movie,8,1,Patlabor: The Movie,1989-07-15T00:00:00+00:00,,7.54,1476,2818,Drama,Production I.G,Original,
309,Kidou Senkan Nadesico,218,TV,9,26,Martian Successor Nadesico,1996-10-01T00:00:00+00:00,1997-03-25T00:00:00+00:00,7.53,1494,2366,Action,Xebec,Original,Fall 1996
310,Kikaider 01 The Animation,1768,OVA,6,4,Kikaider 01: The Animation,2001-11-21T00:00:00+00:00,2002-03-20T00:00:00+00:00,6.78,4495,8114,Action,Radix,Other,
311,Kikou Ryohei Mellowlink,2048,OVA,8,12,,1988-11-21T00:00:00+00:00,1989-04-28T00:00:00+00:00,7.11,3136,5563,Action,Sunrise,Original,
312,Kill la Kill,18679,TV,7,24,KILL la KILL,2013-10-04T00:00:00+00:00,2014-03-28T00:00:00+00:00,8.12,393,32,Action,Trigger,Original,Fall 2013
313,Killing Bites,34964,TV,7,12,Killing Bites,2018-01-13T00:00:00+00:00,2018-03-31T00:00:00+00:00,6.66,5055,1106,Action,LIDENFILMS,Manga,Winter 2018
314,Kimagure Orange☆Road,1087,TV,8,48,,1987-04-06T00:00:00+00:00,1988-03-07T00:00:00+00:00,7.56,1407,2738,Comedy,Studio Pierrot,Manga,Spring 1987
315,Kimagure Orange☆Road: Ano Hi ni Kaeritai,2454,Movie,9,1,,1988-10-01T00:00:00+00:00,,7.65,1151,5403,Comedy,Studio Pierrot,Manga,
316,Kimagure Robot,1955,TV,7,10,,2004-12-22T00:00:00+00:00,,6.04,7954,8572,Comedy,Studio 4°C,Unknown,Fall 2004
317,Kimi no Na wa.,32281,Movie,7,1,Your Name.,2016-08-26T00:00:00+00:00,,9,11,11,Romance,CoMix Wave Films,Original,
318,Kindaichi Shounen no Jikenbo Movie 1: Operazakan - Aratanaru Satsujin,2077,Movie,7,1,,1996-12-14T00:00:00+00:00,,7.07,3334,7907,Mystery,Toei Animation,Light novel,
319,Kiniro Mosaic,16732,TV,6,12,KINMOZA!,2013-07-06T00:00:00+00:00,2013-09-21T00:00:00+00:00,7.27,2472,921,Slice of Life,Studio Gokumi,4-koma manga,Summer 2013
320,Kitte no Gensou,7032,Movie,0,1,,1961-01-01T00:00:00+00:00,,5.07,10258,10957,Comedy,,Original,
321,Kizumonogatari I: Tekketsu-hen,9260,Movie,7,1,Kizumonogatari Part 1: Tekketsu,2016-01-08T00:00:00+00:00,,8.41,145,354,Vampire,Shaft,Light novel,
322,Kizumonogatari II: Nekketsu-hen,31757,Movie,8,1,Kizumonogatari Part 2: Nekketsu,2016-08-19T00:00:00+00:00,,8.62,60,456,Action,Shaft,Light novel,
323,Kizumonogatari III: Reiketsu-hen,31758,Movie,8,1,,2017-01-06T00:00:00+00:00,,8.82,22,448,Action,Shaft,Light novel,
324,Kochira Katsushikaku Kameari Kouenmae Hashutsujo The Movie,2901,Movie,7,1,Kameari Park Precinct,1999-12-23T00:00:00+00:00,,7.1,3206,9298,Action,Gallop,Manga,
325,Koko wa Green Wood,1804,OVA,8,6,Here is Greenwood,1991-11-22T00:00:00+00:00,1993-03-26T00:00:00+00:00,6.84,4245,5446,Comedy,Studio Pierrot,Manga,
326,Kono Subarashii Sekai ni Shukufuku wo!,30831,TV,7,10,KonoSuba: God's Blessing on This Wonderful World!,2016-01-14T00:00:00+00:00,2016-03-17T00:00:00+00:00,8.16,347,35,Adventure,Studio Deen,Light novel,Winter 2016
327,Kore ga UFO da! Soratobu Enban,4250,Movie,6,1,That is an UFO! The Flying Saucer,1975-03-21T00:00:00+00:00,,4.89,10417,10230,Sci-Fi,Toei Animation,Original,
328,Kore ga Watashi no Goshujinsama,412,TV,7,12,He is My Master,2005-04-08T00:00:00+00:00,2005-07-01T00:00:00+00:00,6.57,5471,1751,Comedy,Gainax,Manga,Spring 2005
329,Koukaku Kidoutai,43,Movie,8,1,Ghost in the Shell,1995-11-18T00:00:00+00:00,,8.3,221,247,Action,Production I.G,Manga,
330,Kuragehime,8129,TV,7,11,Princess Jellyfish,2010-10-15T00:00:00+00:00,2010-12-31T00:00:00+00:00,8.14,367,777,Slice of Life,Brain's Base,Manga,Fall 2010
331,Kurenai no Buta,416,Movie,7,1,Porco Rosso,1992-07-18T00:00:00+00:00,,7.99,545,884,Action,Studio Ghibli,Manga,
332,Kuuchuu Buranko,6774,TV,7,11,Welcome to Irabu's Office,2009-10-15T00:00:00+00:00,2009-12-24T00:00:00+00:00,7.97,565,1707,Comedy,Toei Animation,Novel,Fall 2009
333,Kyoufu Densetsu Kaiki! Frankenstein,6978,Special,8,1,The Monster Of Frankenstein,1981-07-27T00:00:00+00:00,,5.56,9323,9699,Sci-Fi,Toei Animation,Unknown,
334,Kyoushoku Soukou Guyver,2293,Movie,6,1,Guyver: Out of Control,1986-12-13T00:00:00+00:00,,6.26,6974,6233,Action,Production Reed,Unknown,
335,Kyousou Giga,10893,ONA,8,1,,2011-12-01T00:00:00+00:00,,6.94,3842,2428,Action,Toei Animation,Original,
336,L/R: Licensed by Royal,1456,TV,6,12,Licensed by Royalty,2003-01-08T00:00:00+00:00,2003-03-26T00:00:00+00:00,6.49,5873,7135,Action,TNK,Original,Winter 2003
337,L/R: Licensed by Royal Special,30066,Special,6,1,Licensed by Royalty,2003-04-25T00:00:00+00:00,,6.2,7255,12317,Action,TNK,Original,
338,Lesson XX,1908,OVA,6,1,,1995-04-07T00:00:00+00:00,,6.03,7980,5461,Romance,,Novel,
339,Licca-chan Fushigi na Fushigi na Yunia Monogatari,9792,OVA,8,2,,1990-11-23T00:00:00+00:00,,6.2,7256,10811,Adventure,,Other,
340,Little Witch Academia,14349,Movie,10,1,,2013-03-02T00:00:00+00:00,,7.86,718,522,Adventure,Trigger,Original,
341,Liz to Aoi Tori,35677,Movie,10,1,Liz and the Blue Bird,2018-04-21T00:00:00+00:00,,8.23,281,1673,Drama,Kyoto Animation,Novel,
342,Lodoss-tou Senki,207,OVA,6,13,Record of Lodoss War,1990-06-30T00:00:00+00:00,1991-11-23T00:00:00+00:00,7.4,1928,2178,Action,Madhouse,Novel,
343,Love Lab,16353,TV,6,13,Love Lab,2013-07-05T00:00:00+00:00,2013-09-27T00:00:00+00:00,7.37,2026,905,Comedy,Doga Kobo,Manga,Summer 2013
344,Love Live! School Idol Project,15051,TV,5,13,Love Live! School Idol Project,2013-01-06T00:00:00+00:00,2013-03-31T00:00:00+00:00,7.46,1713,361,Music,Sunrise,Other,Winter 2013
345,Lucky☆Star,1887,TV,7,24,Lucky☆Star,2007-04-08T00:00:00+00:00,2007-09-17T00:00:00+00:00,7.78,867,200,Slice of Life,Kyoto Animation,4-koma manga,Spring 2007
346,Lupin III,1412,TV,9,23,Lupin III,1971-10-24T00:00:00+00:00,1972-03-26T00:00:00+00:00,7.67,1111,1720,Action,Tokyo Movie Shinsha,Manga,Fall 1971
347,Lupin III: Alcatraz Connection,1413,Special,0,1,,2001-08-03T00:00:00+00:00,,7.09,3235,6015,Action,TMS Entertainment,Manga,
348,Lupin III: Babylon no Ougon Densetsu,1433,Movie,6,1,,1985-07-13T00:00:00+00:00,,6.59,5390,5845,Action,Tokyo Movie Shinsha,Manga,
349,Lupin III: Bye Bye Liberty - Kiki Ippatsu!,1415,Special,7,1,Lupin III: Goodbye Lady Liberty,1989-04-01T00:00:00+00:00,,6.85,4196,5962,Action,,Unknown,
350,Lupin III: Cagliostro no Shiro,1430,Movie,8,1,Lupin III: The Castle of Cagliostro,1979-12-15T00:00:00+00:00,,8.15,354,1623,Action,Tokyo Movie Shinsha,Manga,
351,Lupin III: Fuuma Ichizoku no Inbou,1432,Movie,7,1,Lupin III: The Fuma Conspiracy,1987-12-26T00:00:00+00:00,,7.27,2474,5341,Action,Tokyo Movie Shinsha,Manga,
352,Lupin III: Hemingway Paper no Nazo,1421,Special,7,1,,1990-07-20T00:00:00+00:00,,6.93,3867,6335,Action,Tokyo Movie Shinsha,Unknown,
353,Lupin III: Kutabare! Nostradamus,1419,Movie,7,1,Lupin III: Farewell to Nostradamus,1995-04-22T00:00:00+00:00,,7.38,2010,5205,Action,,Manga,
354,Lupin III: Lupin vs. Fukusei-ningen,1435,Movie,7,1,Lupin III: The Secret of Mamo,1978-12-16T00:00:00+00:00,,6.99,3648,4878,Action,Tokyo Movie Shinsha,Manga,
355,Lupin III: Walther P38,1439,Special,0,1,Lupin III: Island of Assassins,1997-08-01T00:00:00+00:00,,7.33,2204,5893,Action,,Unknown,
356,Lupin the IIIrd: Jigen Daisuke no Bohyou,23293,Movie,8,1,Lupin III: Jigen's Gravestone,2014-06-21T00:00:00+00:00,,7.83,769,3647,Action,Telecom Animation Film,Manga,
357,Lupin the Third: Mine Fujiko to Iu Onna,13203,TV,8,13,"Lupin the Third, The Woman Called Fujiko Mine",2012-04-05T00:00:00+00:00,2012-06-28T00:00:00+00:00,7.78,868,2280,Action,TMS Entertainment,Manga,Spring 2012
358,Macross,1088,TV,7,36,Macross,1982-10-03T00:00:00+00:00,1983-06-26T00:00:00+00:00,7.94,620,1580,Action,Tatsunoko Production,Original,Fall 1982
359,Macross 7,1397,TV,8,49,,1994-10-16T00:00:00+00:00,1995-09-24T00:00:00+00:00,7.13,3060,3258,Action,Production Reed,Original,Fall 1994
360,Macross F,3572,TV,5,25,Macross Frontier,2008-04-04T00:00:00+00:00,2008-09-26T00:00:00+00:00,7.92,643,1084,Action,Satelight,Original,Spring 2008
361,Macross F Movie 1: Itsuwari no Utahime,5310,Movie,7,1,Macross Frontier: The False Songstress,2009-11-21T00:00:00+00:00,,7.83,770,3075,Action,Satelight,Original,
362,Macross F Movie 2: Sayonara no Tsubasa,7222,Movie,0,1,,2011-02-26T00:00:00+00:00,,7.97,566,3280,Action,Satelight,Original,
363,Macross II: Lovers Again,1262,OVA,7,6,,1992-05-21T00:00:00+00:00,1992-11-21T00:00:00+00:00,6.33,6630,4803,Adventure,AIC,Original,
364,Macross Plus,474,OVA,8,4,,1994-08-25T00:00:00+00:00,1995-06-25T00:00:00+00:00,7.72,995,2584,Drama,Triangle Staff,Original,
365,Macross Zero,194,OVA,7,5,Macross Zero,2002-12-21T00:00:00+00:00,2004-10-20T00:00:00+00:00,7.56,1409,2755,Adventure,Satelight,Original,
366,Macross: Do You Remember Love?,1089,Movie,9,1,,1984-07-07T00:00:00+00:00,,7.97,567,2636,Action,Artland,Original,
367,Mad★Bull 34,3448,OVA,7,4,Mad Bull 34,1990-12-21T00:00:00+00:00,1992-08-21T00:00:00+00:00,6.32,6694,5240,Action,Magic Bus,Manga,
368,Mahoromatic: Automatic Maiden,276,TV,5,12,Mahoromatic: Automatic Maiden,2001-10-05T00:00:00+00:00,2001-12-28T00:00:00+00:00,7.19,2796,2103,Comedy,Gainax,Manga,Fall 2001
369,Mahou Shoujo Madoka★Magica,9756,TV,9,12,Puella Magi Madoka Magica,2011-01-07T00:00:00+00:00,2011-04-22T00:00:00+00:00,8.39,160,65,Psychological,Shaft,Original,Winter 2011
370,Mairimashita! Iruma-kun,39196,TV,8,23,Welcome to Demon School! Iruma-kun,2019-10-05T00:00:00+00:00,2020-03-07T00:00:00+00:00,7.72,996,824,Comedy,Bandai Namco Pictures,Manga,Fall 2019
371,Majo no Takkyuubin,512,Movie,10,1,Kiki's Delivery Service,1989-07-29T00:00:00+00:00,,8.25,260,345,Adventure,Studio Ghibli,Novel,
372,Makai Toshi Shinjuku,499,OVA,7,1,Demon City Shinjuku,1988-10-25T00:00:00+00:00,,6.17,7370,4114,Adventure,Madhouse,Novel,
373,Maken Liner 0011 Henshin Seyo!,11269,Movie,7,1,,1972-07-16T00:00:00+00:00,,5.55,9346,11550,Action,Toei Animation,Unknown,
374,Makyou Gaiden Le Deus,4058,OVA,6,1,Ladius,1987-12-01T00:00:00+00:00,,5.61,9190,9385,Action,Production Reed,Unknown,
375,Mamono Hunter Youko,1280,OVA,6,6,Devil Hunter Yohko,1990-12-01T00:00:00+00:00,1995-07-01T00:00:00+00:00,6.29,6824,4851,Fantasy,Madhouse,Original,
376,Manie-Manie: Meikyuu Monogatari,1951,Movie,0,3,Neo Tokyo,1989-04-15T00:00:00+00:00,,7.05,3428,3345,Adventure,Madhouse,Original,
377,Maria†Holic,5030,TV,8,12,Maria†Holic,2009-01-04T00:00:00+00:00,2009-03-22T00:00:00+00:00,7.06,3411,959,Comedy,Shaft,Manga,Winter 2009
378,Maria†Holic Alive,9712,TV,6,12,Maria†Holic Alive,2011-04-08T00:00:00+00:00,2011-06-24T00:00:00+00:00,6.99,3652,2021,Comedy,Shaft,Manga,Spring 2011
379,Mazinkaiser,1064,OVA,7,7,Mazinkaiser,2001-09-25T00:00:00+00:00,2002-09-20T00:00:00+00:00,7.31,2286,5194,Adventure,Brain's Base,Manga,
380,Megazone 23,1935,OVA,8,4,Megazone 23,1985-03-09T00:00:00+00:00,1989-12-22T00:00:00+00:00,6.82,4341,4190,Action,Artland,Original,
381,Meitantei Holmes,1972,TV,8,26,Sherlock Hound,1984-11-06T00:00:00+00:00,1985-05-21T00:00:00+00:00,7.38,2010,5150,Action,Gallop,Novel,Fall 1984
382,Memory,1984,Movie,8,1,,1964-09-21T00:00:00+00:00,,6.09,7726,8092,Mystery,,Original,
383,Metropolis,522,Movie,9,1,,2001-05-26T00:00:00+00:00,,7.54,1479,1646,Adventure,Madhouse,Manga,
384,Mezzo Forte,221,OVA,8,2,,2000-05-25T00:00:00+00:00,2001-06-25T00:00:00+00:00,6.65,,3253,Action,Arms,Original,
385,Midnight Eye: Gokuu,1879,OVA,8,1,Goku: Midnight Eye,1989-01-27T00:00:00+00:00,,6.49,5876,5457,Action,Madhouse,Manga,
386,Midnight Eye: Gokuu II,1880,OVA,7,1,Goku II: Midnight Eye,1989-12-22T00:00:00+00:00,,6.25,7003,6987,Action,Madhouse,Manga,
387,Mimi wo Sumaseba,585,Movie,10,1,Whisper of the Heart,1995-07-15T00:00:00+00:00,,8.24,265,647,Slice of Life,Studio Ghibli,Manga,
388,Minami-ke,2963,TV,6,13,,2007-10-08T00:00:00+00:00,2007-12-31T00:00:00+00:00,7.7,1036,931,Slice of Life,Daume,Manga,Fall 2007
389,Mind Game,875,Movie,8,1,,2004-08-07T00:00:00+00:00,,7.8,827,1956,Adventure,Studio 4°C,Manga,
390,Mitsudomoe,7627,TV,7,13,Mitsudomoe,2010-07-03T00:00:00+00:00,2010-09-26T00:00:00+00:00,7.61,1248,1459,Comedy,Bridge,Manga,Summer 2010
391,Mitsudomoe: Oppai Ippai Mama Genki,9396,Special,7,1,,2011-02-23T00:00:00+00:00,,7.59,1306,3941,Slice of Life,Bridge,Unknown,
392,Mob Psycho 100,32182,TV,10,12,Mob Psycho 100,2016-07-11T00:00:00+00:00,2016-09-27T00:00:00+00:00,8.49,103,47,Action,Bones,Web manga,Summer 2016
393,Mob Psycho 100 II,37510,TV,9,13,Mob Psycho 100 II,2019-01-07T00:00:00+00:00,2019-04-01T00:00:00+00:00,8.86,19,108,Action,Bones,Web manga,Winter 2019
394,Mobile Suit Gundam,80,TV,8,43,Mobile Suit Gundam,1979-04-07T00:00:00+00:00,1980-01-26T00:00:00+00:00,7.79,844,1408,Action,Sunrise,Original,Spring 1979
395,Mobile Suit Gundam 00,2581,TV,6,25,Mobile Suit Gundam 00,2007-10-06T00:00:00+00:00,2008-03-29T00:00:00+00:00,8.15,356,762,Action,Sunrise,Original,Fall 2007
396,Mobile Suit Gundam 00 Second Season,3927,TV,0,25,Mobile Suit Gundam 00: Second Season,2008-10-05T00:00:00+00:00,2009-03-29T00:00:00+00:00,8.12,396,1111,Action,Sunrise,Original,Fall 2008
397,Mobile Suit Gundam 0080: War in the Pocket,82,OVA,8,6,Mobile Suit Gundam 0080: War in the Pocket,1989-03-25T00:00:00+00:00,1989-08-25T00:00:00+00:00,7.89,676,2411,Military,Sunrise,Original,
398,Mobile Suit Gundam 0083: Stardust Memory,84,OVA,4,13,Mobile Suit Gundam 0083: Stardust Memory,1991-05-23T00:00:00+00:00,1992-09-24T00:00:00+00:00,7.3,2357,2749,Military,Sunrise,Original,
399,Mobile Suit Gundam 0083: Stardust Memory - The Mayfly of Space,10581,Special,5,1,,1992-01-01T00:00:00+00:00,,6.01,8047,6085,Action,Sunrise,Radio,
400,Mobile Suit Gundam F91,88,Movie,6,1,Mobile Suit Gundam F91,1991-03-16T00:00:00+00:00,,6.69,4901,3349,Drama,Sunrise,Unknown,
401,Mobile Suit Gundam I,1090,Movie,0,1,,1981-03-14T00:00:00+00:00,,7.29,2380,3150,Action,Sunrise,Original,
402,Mobile Suit Gundam II: Soldiers of Sorrow,1091,Movie,0,1,,1981-07-11T00:00:00+00:00,,7.39,1948,3419,Action,Sunrise,Original,
403,Mobile Suit Gundam III: Encounters in Space,1092,Movie,10,1,,1982-03-13T00:00:00+00:00,,7.78,870,3409,Action,Sunrise,Original,
404,Mobile Suit Gundam SEED,93,TV,5,50,Mobile Suit Gundam SEED,2002-10-05T00:00:00+00:00,2003-09-27T00:00:00+00:00,7.8,828,1013,Action,Sunrise,Original,Fall 2002
405,Mobile Suit Gundam Thunderbolt: December Sky,33221,Movie,7,1,,2016-06-25T00:00:00+00:00,,7.9,664,4087,Action,Sunrise,Manga,
406,Mobile Suit Gundam Unicorn,6336,OVA,6,7,Mobile Suit Gundam Unicorn,2010-03-12T00:00:00+00:00,2014-06-06T00:00:00+00:00,8.17,341,1667,Action,Sunrise,Novel,
407,Mobile Suit Gundam Wing,90,TV,5,49,Mobile Suit Gundam Wing,1995-04-07T00:00:00+00:00,1996-03-29T00:00:00+00:00,7.73,953,1072,Action,Sunrise,Original,Spring 1995
408,Mobile Suit Gundam ZZ,86,TV,6,47,Mobile Suit Gundam ZZ,1986-03-01T00:00:00+00:00,1987-01-31T00:00:00+00:00,6.67,4996,2890,Space,Sunrise,Original,Spring 1986
409,Mobile Suit Gundam: Char's Counterattack,87,Movie,7,1,Mobile Suit Gundam: Char's Counterattack,1988-03-12T00:00:00+00:00,,7.68,1088,2736,Military,Sunrise,Novel,
410,Mobile Suit Gundam: Iron-Blooded Orphans,31251,TV,4,25,Mobile Suit Gundam: Iron-Blooded Orphans,2015-10-04T00:00:00+00:00,2016-03-27T00:00:00+00:00,8.02,514,887,Action,Sunrise,Original,Fall 2015
411,Mobile Suit SD Gundam Mk I,2302,Special,6,3,,1988-03-12T00:00:00+00:00,1988-05-25T00:00:00+00:00,6.33,6632,7153,Mecha,Sunrise,Unknown,
412,Mobile Suit Victory Gundam,89,TV,8,51,Mobile Suit V Gundam,1993-04-02T00:00:00+00:00,1994-03-25T00:00:00+00:00,6.76,4598,3529,Drama,Sunrise,Original,Spring 1993
413,Mobile Suit Zeta Gundam,85,TV,8,50,Mobile Suit Zeta Gundam,1985-03-02T00:00:00+00:00,1986-02-22T00:00:00+00:00,7.92,644,2127,Military,Sunrise,Original,Spring 1985
414,Monkey Punch no Sekai: Alice,3640,OVA,7,1,Alice,1991-12-13T00:00:00+00:00,,5.45,9595,9701,Action,,Unknown,
415,Monogatari Series: Second Season,17074,TV,9,26,Monogatari Series: Second Season,2013-07-07T00:00:00+00:00,2013-12-29T00:00:00+00:00,8.78,28,223,Mystery,Shaft,Light novel,Summer 2013
416,Mononoke Hime,164,Movie,9,1,Princess Mononoke,1997-07-12T00:00:00+00:00,,8.73,36,85,Action,Studio Ghibli,Original,
417,Mori no Densetsu,2456,Movie,0,1,Legend of the Forest,1987-12-18T00:00:00+00:00,,6.42,6236,9267,Adventure,,Original,
418,Mousou Dairinin,323,TV,8,13,Paranoia Agent,2004-02-03T00:00:00+00:00,2004-05-18T00:00:00+00:00,7.69,1051,484,Mystery,Madhouse,Original,Winter 2004
419,Moyashimon,3001,TV,0,11,,2007-10-12T00:00:00+00:00,2007-12-21T00:00:00+00:00,7.59,1309,1865,Comedy,Telecom Animation Film,Manga,Fall 2007
420,Muramasa,3475,Movie,0,1,Muramasa,1987-08-21T00:00:00+00:00,,6.21,7191,6609,Historical,,Original,
421,Mutant Turtles: Choujin Densetsu-hen,1059,OVA,7,2,,1996-05-21T00:00:00+00:00,,5.28,9928,8150,Action,,Unknown,
422,Namakura Gatana,6654,Movie,6,1,The Dull Sword,1917-06-30T00:00:00+00:00,,5.58,9275,6061,Comedy,,Original,
423,Nandaka Velonica,22381,TV,8,10,,2014-03-10T00:00:00+00:00,2014-03-21T00:00:00+00:00,5.99,8121,10101,Comedy,Cyclone Graphics,Unknown,Winter 2014
424,Natsu e no Tobira,2621,Movie,4,1,,1981-03-20T00:00:00+00:00,,6.08,7789,6625,Drama,Madhouse,Manga,
425,Natsunagu!,40738,TV,0,12,,2020-01-07T00:00:00+00:00,2020-03-24T00:00:00+00:00,5.85,8531,3634,Drama,IMAGICA Lab.,Original,Winter 2020
426,Neko no Ongaeshi,597,Movie,8,1,The Cat Returns,2002-07-20T00:00:00+00:00,,7.82,779,776,Adventure,Studio Ghibli,Other,
427,Nekojiru Gekijou Jirujiru Original,1062,TV,7,27,,1999-07-09T00:00:00+00:00,1999-10-01T00:00:00+00:00,6.48,5893,4953,Action,,Manga,
428,Nekojiru-sou,601,OVA,9,1,Cat Soup,2001-02-21T00:00:00+00:00,,7.34,2142,1969,Comedy,J.C.Staff,Manga,
429,Nekomonogatari: Kuro,15689,TV,8,4,Nekomonogatari Black,2012-12-31T00:00:00+00:00,,7.99,547,301,Comedy,Shaft,Light novel,Fall 2012
430,Neon Genesis Evangelion,30,TV,10,26,Neon Genesis Evangelion,1995-10-04T00:00:00+00:00,1996-03-27T00:00:00+00:00,8.31,213,54,Action,Gainax,Original,Fall 1995
431,Neon Genesis Evangelion: The End of Evangelion,32,Movie,10,1,Neon Genesis Evangelion: The End of Evangelion,1997-07-19T00:00:00+00:00,,8.51,94,201,Sci-Fi,Gainax,Original,
432,Nerima Daikon Brothers,1655,TV,6,12,Nerima Daikon Brothers,2006-01-09T00:00:00+00:00,2006-03-27T00:00:00+00:00,7.33,2212,5335,Comedy,Studio Hibari,Unknown,Winter 2006
433,New Game!,31953,TV,6,12,New Game!,2016-07-04T00:00:00+00:00,2016-09-19T00:00:00+00:00,7.63,1191,388,Game,Doga Kobo,4-koma manga,Summer 2016
434,Ni-hiki no Sanma (1968),29701,Movie,0,1,,1968-01-01T00:00:00+00:00,,5.31,9874,12484,Comedy,,Original,
435,Nichijou,10165,TV,10,26,Nichijou - My Ordinary Life,2011-04-03T00:00:00+00:00,2011-09-25T00:00:00+00:00,8.48,105,147,Slice of Life,Kyoto Animation,Manga,Spring 2011
436,Nihon Animator Mihonichi,28149,ONA,8,35,Japan Anima(tor)'s Exhibition,2014-11-07T00:00:00+00:00,2015-10-09T00:00:00+00:00,7.4,1893,2836,Action,Khara,Original,
437,Nijuu Mensou no Musume,3673,TV,8,22,The Daughter of 20 Faces,2008-04-13T00:00:00+00:00,2008-09-28T00:00:00+00:00,7.58,1323,2881,Action,Bones,Manga,Spring 2008
438,Nineteen 19,2468,OVA,7,1,,1990-07-27T00:00:00+00:00,,6.09,7730,7713,Romance,Madhouse,Manga,
439,Ningyo,2047,Movie,6,1,Mermaid,1964-09-21T00:00:00+00:00,,6.4,6285,7316,Fantasy,Mushi Production,Unknown,
440,Ninin ga Shinobuden,229,TV,7,12,Ninja Nonsense,2004-07-10T00:00:00+00:00,2004-09-25T00:00:00+00:00,6.93,3873,2884,Comedy,ufotable,Manga,Summer 2004
441,Ninja Batman,36517,Movie,8,1,Batman Ninja,2018-06-15T00:00:00+00:00,,6.15,7452,2555,Action,Kamikaze Douga,Other,
442,Ninja Bugei-chou,5232,Movie,7,1,Manual of Ninja Martial Arts,1967-02-15T00:00:00+00:00,,5.54,9356,9821,Action,,Unknown,
443,Ninkuu: Knife no Bohyou,16345,Special,0,1,,1994-10-01T00:00:00+00:00,,5.94,8235,11483,Action,Studio Pierrot,Manga,
444,Nisemonogatari,11597,TV,8,11,Nisemonogatari,2012-01-08T00:00:00+00:00,2012-03-18T00:00:00+00:00,8.18,325,185,Mystery,Shaft,Light novel,Winter 2012
445,No Guns Life,39539,TV,7,12,No Guns Life,2019-10-11T00:00:00+00:00,2019-12-27T00:00:00+00:00,6.91,3959,1023,Action,Madhouse,Manga,Fall 2019
446,No.6,10161,TV,5,11,No. 6,2011-07-08T00:00:00+00:00,2011-09-16T00:00:00+00:00,7.59,1310,413,Action,Bones,Novel,Summer 2011
447,Non Non Biyori,17549,TV,7,12,Non Non Biyori,2013-10-08T00:00:00+00:00,2013-12-24T00:00:00+00:00,7.96,574,470,Comedy,Silver Link.,Manga,Fall 2013
448,Non Non Biyori Repeat,23623,TV,8,12,Non Non Biyori Repeat,2015-07-07T00:00:00+00:00,2015-09-22T00:00:00+00:00,8.19,307,1035,Comedy,Silver Link.,Manga,Summer 2015
449,Nyancos: Hello! Our Brilliant Future,33176,OVA,0,1,,2003-12-17T00:00:00+00:00,,,10920,14367,Sci-Fi,,Original,
450,Nyancos: Hello! Our Brilliant Future Digest,33422,Special,0,1,,2003-12-17T00:00:00+00:00,,,10921,15002,Sci-Fi,,Original,
451,Nyoro-n Churuya-san,5957,ONA,6,13,Nyoron! Churuya-san,2009-02-13T00:00:00+00:00,2009-05-08T00:00:00+00:00,6.53,5681,3040,Comedy,Kyoto Animation,4-koma manga,
452,Oira Sukeban,2790,OVA,6,1,,1992-08-21T00:00:00+00:00,,5.42,9639,9202,Comedy,,Manga,
453,Ojisan to Marshmallow,31848,TV,6,12,Ojisan and Marshmallow,2016-01-08T00:00:00+00:00,2016-03-25T00:00:00+00:00,6.61,5300,2133,Slice of Life,Creators in Pack,Web manga,Winter 2016
454,Ojousama Sousamou,2057,OVA,8,1,Debutante Detective Corps,1996-04-01T00:00:00+00:00,,4.9,10405,8077,Action,Gainax,Original,
455,Omae Umasou da na,9204,Movie,8,1,You Are Umasou,2010-10-16T00:00:00+00:00,,8.02,496,4192,Action,Ajia-Do,Picture book,
456,Omoide Poroporo,1029,Movie,9,1,Only Yesterday,1991-07-20T00:00:00+00:00,,7.5,1563,1453,Slice of Life,Studio Ghibli,Manga,
457,Onboro Film,2550,Movie,7,1,Broken Down Film,1985-08-17T00:00:00+00:00,,6.4,6286,8312,Comedy,,Unknown,
458,One Piece Movie 1,459,Movie,6,1,,2000-03-04T00:00:00+00:00,,7.11,3147,1617,Action,Toei Animation,Manga,
459,One Piece Movie 2: Nejimaki-jima no Daibouken,460,Movie,6,1,One Piece: Clockwork Island Adventure,2001-03-03T00:00:00+00:00,,7.19,2797,1867,Action,Toei Animation,Manga,
460,One Piece Movie 3: Chinjuu-jima no Chopper Oukoku,461,Movie,7,1,One Piece: Chopper Kingdom of Strange Animal Island,2002-03-02T00:00:00+00:00,,7.01,3577,1984,Action,Toei Animation,Manga,
461,One Piece Movie 4: Dead End no Bouken,462,Movie,0,1,One Piece: Dead End,2003-03-01T00:00:00+00:00,,7.6,1265,1779,Action,Toei Animation,Manga,
462,One Piece Movie 5: Norowareta Seiken,463,Movie,0,1,One Piece: The Curse of the Sacred Sword,2004-03-06T00:00:00+00:00,,7.26,2498,2026,Action,Toei Animation,Manga,
463,One Piece Movie 6: Omatsuri Danshaku to Himitsu no Shima,464,Movie,0,1,One Piece: Baron Omatsuri and the Secret Island,2005-03-05T00:00:00+00:00,,7.69,1052,1837,Adventure,Toei Animation,Manga,
464,One Piece: Jango no Dance Carnival,2385,Movie,7,1,One Piece: Django's Dance Carnival,2001-03-03T00:00:00+00:00,,7.19,2799,2881,Comedy,Toei Animation,Manga,
465,One Piece: Yume no Soccer Ou!,2386,Movie,6,1,,2002-03-02T00:00:00+00:00,,7.18,2815,2725,Comedy,Toei Animation,Manga,
466,One Punch Man,30276,TV,8,12,One Punch Man,2015-10-05T00:00:00+00:00,2015-12-21T00:00:00+00:00,8.6,62,5,Action,Madhouse,Web manga,Fall 2015
467,Ore Monogatari!!,28297,TV,7,24,My Love Story!!,2015-04-09T00:00:00+00:00,2015-09-24T00:00:00+00:00,7.98,550,252,Comedy,Madhouse,Manga,Spring 2015
468,Oruchuban Ebichu,1060,TV,7,24,,1999-08-01T00:00:00+00:00,1999-10-01T00:00:00+00:00,7.41,1879,2479,Comedy,Gainax,Manga,Summer 1999
469,Oshiete! Galko-chan,32013,TV,6,12,Please tell me! Galko-chan,2016-01-08T00:00:00+00:00,2016-03-25T00:00:00+00:00,7.13,3070,1074,Slice of Life,feel.,Digital manga,Winter 2016
470,Oshiete! Galko-chan: Natsuyasumitte Hontou Desu ka?,33949,OVA,6,1,Please tell me! Galko-chan OVA,2017-01-23T00:00:00+00:00,,7.14,2993,3358,Slice of Life,feel.,Digital manga,
471,Osu,1982,Movie,7,1,Male,1962-11-05T00:00:00+00:00,,5.29,9905,7707,Slice of Life,Mushi Production,Original,
472,Otaku no Video,785,OVA,7,2,,1991-09-27T00:00:00+00:00,1991-12-20T00:00:00+00:00,7.15,2977,3237,Comedy,Gainax,Other,
473,Ouritsu Uchuugun: Honneamise no Tsubasa,1034,Movie,8,1,Royal Space Force: The Wings of Honneamise,1987-03-14T00:00:00+00:00,,7.54,1437,2702,Action,Gainax,Original,
474,Overman King Gainer,1792,TV,9,26,,2002-09-07T00:00:00+00:00,2003-03-22T00:00:00+00:00,6.9,3978,4772,Action,Sunrise,Original,Fall 2002
475,Panda Kopanda,2611,Movie,6,2,Panda! Go Panda!,1972-12-17T00:00:00+00:00,1973-03-17T00:00:00+00:00,6.76,4552,5210,Comedy,Tokyo Movie Shinsha,Original,
476,Paniponi Dash!,490,TV,7,26,Pani Poni Dash!,2005-07-04T00:00:00+00:00,2005-12-26T00:00:00+00:00,7.46,1680,2094,Comedy,Shaft,Manga,Summer 2005
477,Paniponi Dash!: Danjite Okonaeba Kishin mo Kore wo Saku,5419,Special,7,1,,2009-04-15T00:00:00+00:00,,7.52,1513,5043,Parody,Shaft,Manga,
478,Panty & Stocking in Sanitarybox,10739,Special,7,1,,2011-04-28T00:00:00+00:00,,6.43,6182,2838,Action,Gainax,Original,
479,Panty & Stocking with Garterbelt,8795,TV,8,13,Panty & Stocking with Garterbelt,2010-10-02T00:00:00+00:00,2010-12-25T00:00:00+00:00,7.73,957,451,Action,Gainax,Original,Fall 2010
480,Paprika,1943,Movie,10,1,Paprika,2006-11-25T00:00:00+00:00,,8.07,453,353,Dementia,Madhouse,Novel,
481,Paradise Kiss,322,TV,7,12,Paradise Kiss,2005-10-14T00:00:00+00:00,2005-12-30T00:00:00+00:00,7.83,775,991,Comedy,Madhouse,Manga,Fall 2005
482,Perfect Blue,437,Movie,9,1,Perfect Blue,1998-02-28T00:00:00+00:00,,8.45,115,355,Dementia,Madhouse,Novel,
483,Persona 3 the Movie 1: Spring of Birth,14407,Movie,7,1,Persona 3 the Movie: #1 Spring of Birth,2013-11-23T00:00:00+00:00,,7.6,1267,1486,Action,AIC ASTA,Game,
484,Persona 4 the Animation,10588,TV,8,25,Persona 4 the Animation,2011-10-07T00:00:00+00:00,2012-03-30T00:00:00+00:00,7.53,1504,631,Sci-Fi,AIC ASTA,Game,Fall 2011
485,Persona 4 the Golden Animation,24075,TV,6,12,Persona 4 the Golden ANIMATION,2014-07-11T00:00:00+00:00,2014-09-26T00:00:00+00:00,6.64,5126,1776,Sci-Fi,A-1 Pictures,Game,Summer 2014
486,Petshop of Horrors,326,TV,6,4,Pet Shop of Horrors,1999-03-02T00:00:00+00:00,1999-03-23T00:00:00+00:00,7.27,2483,2181,Horror,Madhouse,Manga,Winter 1999
487,Pikotarou no Lullaby Lullaby,36520,ONA,0,3,Pikotaro's Lullaby La La By (Web),2017-07-17T00:00:00+00:00,2017-07-26T00:00:00+00:00,5.24,9996,9321,Comedy,DLE,Original,
488,Pikotarou no Lullaby Lullaby (TV),35739,TV,0,9,Pikotaro's Lullaby La La By (TV),2017-08-02T00:00:00+00:00,2017-09-27T00:00:00+00:00,5.54,9360,6703,Comedy,DLE,Original,Summer 2017
489,Ping Pong the Animation,22135,TV,10,11,Ping Pong the Animation,2014-04-11T00:00:00+00:00,2014-06-20T00:00:00+00:00,8.63,57,541,Drama,Tatsunoko Production,Manga,Spring 2014
490,Pink Mizu Dorobou Ame Dorobou,11659,Movie,6,1,Pink: Water Thieves Rain Thieves,1990-07-07T00:00:00+00:00,,5.55,9351,9991,Action,Toei Animation,Manga,
491,Poputepipikku,35330,TV,7,12,Pop Team Epic,2018-01-07T00:00:00+00:00,2018-03-25T00:00:00+00:00,7.28,2409,870,Comedy,Kamikaze Douga,4-koma manga,Winter 2018
492,Prison School,30240,TV,7,12,Prison School,2015-07-11T00:00:00+00:00,2015-09-26T00:00:00+00:00,7.73,958,130,Comedy,J.C.Staff,Manga,Summer 2015
493,Project A-Ko,212,Movie,8,1,,1986-06-21T00:00:00+00:00,,6.87,4136,4134,Action,APPP,Original,
494,Project A-Ko 2: Daitokuji Zaibatsu no Inbou,1296,OVA,5,1,,1987-05-21T00:00:00+00:00,,6.52,5703,6485,Action,APPP,Original,
495,Psycho Diver: Mashou Bosatsu,1767,OVA,7,1,Psycho Diver: Soul Siren,1997-05-21T00:00:00+00:00,,5.72,8893,6939,Horror,Madhouse,Unknown,
496,Punch Line,28617,TV,7,12,Punch Line,2015-04-10T00:00:00+00:00,2015-06-26T00:00:00+00:00,7.02,3530,757,Comedy,MAPPA,Original,Spring 2015
497,Push,3474,Special,0,1,Push,1987-08-21T00:00:00+00:00,,6.28,6853,8888,Parody,,Original,
498,R.O.D: Read or Die,208,OVA,7,3,R.O.D - Read or Die,2001-05-23T00:00:00+00:00,2002-02-06T00:00:00+00:00,7.67,1116,2014,Action,Studio Deen,Light novel,
499,Re: Cutey Honey,151,OVA,8,3,,2004-07-24T00:00:00+00:00,2004-09-25T00:00:00+00:00,7.12,3087,3372,Action,Gainax,Manga,
500,Redline,6675,Movie,8,1,Redline,2009-08-14T00:00:00+00:00,,8.29,225,544,Action,Madhouse,Original,
501,Riki-Oh 2: Horobi no Ko,3511,OVA,5,1,Riki-Oh 2: Child of Destruction,1990-08-24T00:00:00+00:00,,5.27,9947,9220,Action,Magic Bus,Unknown,
502,Riki-Oh: Toukatsu Jigoku,3509,OVA,6,1,Riki-Oh: The Wall of Hell,1989-06-25T00:00:00+00:00,,5.98,8130,7798,Action,Magic Bus,Unknown,
503,Rinshi!! Ekoda-chan,38162,TV,7,11,Rinshi!! Ekodachan,2019-01-09T00:00:00+00:00,2019-03-27T00:00:00+00:00,5.54,9361,5034,Slice of Life,Ascension,4-koma manga,Winter 2019
504,RobiHachi,38707,TV,7,12,,2019-04-08T00:00:00+00:00,2019-06-24T00:00:00+00:00,6.51,5765,3163,Adventure,Studio Comet,Original,Spring 2019
505,Robot Carnival,2182,OVA,8,1,Robot Carnival,1987-07-21T00:00:00+00:00,,7.28,2411,3937,Sci-Fi,APPP,Original,
506,Rokka no Yuusha,28497,TV,6,12,Rokka: Braves of the Six Flowers,2015-07-05T00:00:00+00:00,2015-09-20T00:00:00+00:00,7.38,1975,235,Action,Passione,Light novel,Summer 2015
507,Roots Search: Shokushin Buttai X,2250,OVA,6,1,Roots Search,1986-09-10T00:00:00+00:00,,4.21,10696,8228,Sci-Fi,,Original,
508,Roujin Z,2000,Movie,9,1,Roujin Z,1991-09-14T00:00:00+00:00,,7.06,3370,3380,Comedy,APPP,Original,
509,Sabage-bu!,20709,TV,6,12,Sabagebu! -Survival Game Club!-,2014-07-06T00:00:00+00:00,2014-09-21T00:00:00+00:00,7.39,1953,1113,Action,Pierrot Plus,Manga,Summer 2014
510,Sakigake!! Cromartie Koukou,114,TV,9,26,Cromartie High School,2003-10-03T00:00:00+00:00,2004-03-26T00:00:00+00:00,7.94,606,1236,Comedy,Production I.G,Manga,Fall 2003
511,Sanctuary,2698,OVA,8,1,Sanctuary,1996-05-01T00:00:00+00:00,,6.34,6564,7391,Action,Pastel,Manga,
512,Saraiya Goyou,7588,TV,7,12,House of Five Leaves,2010-04-16T00:00:00+00:00,2010-07-02T00:00:00+00:00,7.83,776,1761,Mystery,Manglobe,Manga,Spring 2010
513,Sarazanmai,37426,TV,6,11,Sarazanmai,2019-04-12T00:00:00+00:00,2019-06-21T00:00:00+00:00,7.56,1389,1446,Action,MAPPA,Original,Spring 2019
514,Satsujin Kippu wa Heart-iro,16247,OVA,5,1,,1990-02-03T00:00:00+00:00,,5.58,9254,11231,Mystery,Nippon Animation,Novel,
515,Sayonara Zetsubou Sensei,2605,TV,8,12,"Sayonara, Zetsubou-Sensei",2007-07-08T00:00:00+00:00,2007-09-23T00:00:00+00:00,7.91,653,466,Comedy,Shaft,Manga,Summer 2007
516,Scoopers,9239,OVA,6,1,,1987-12-01T00:00:00+00:00,,5.42,9642,10698,Action,,Manga,
517,Seihou Bukyou Outlaw Star,400,TV,7,24,Outlaw Star,1998-01-09T00:00:00+00:00,1998-06-26T00:00:00+00:00,7.87,708,1130,Action,Sunrise,Manga,Winter 1998
518,Seijuuki Cyguard,3882,OVA,7,1,Cybernetics Guardian,1989-01-11T00:00:00+00:00,,5.28,9911,7408,Mecha,,Unknown,
519,Seitokai Yakuindomo*,20847,TV,7,13,,2014-01-04T00:00:00+00:00,2014-03-30T00:00:00+00:00,7.75,924,710,Slice of Life,GoHands,4-koma manga,Winter 2014
520,Sekkou Boys,31540,TV,6,12,Sekko Boys,2016-01-08T00:00:00+00:00,2016-03-25T00:00:00+00:00,6.29,6830,2336,Music,LIDENFILMS,Original,Winter 2016
521,Selector Infected WIXOSS,22273,TV,7,12,selector infected WIXOSS,2014-04-04T00:00:00+00:00,2014-06-20T00:00:00+00:00,7.28,2414,1096,Game,J.C.Staff,Card game,Spring 2014
522,Sen to Chihiro no Kamikakushi,199,Movie,10,1,Spirited Away,2001-07-20T00:00:00+00:00,,8.84,21,39,Adventure,Studio Ghibli,Original,
523,Sennen Joyuu,1033,Movie,8,1,Millennium Actress,2002-09-14T00:00:00+00:00,,8.28,239,1138,Action,Madhouse,Original,
524,Senya Ichiya Monogatari,3038,Movie,0,1,,1969-06-14T00:00:00+00:00,,6.11,,7287,Hentai,Mushi Production,Original,
525,Serial Experiments Lain,339,TV,8,13,Serial Experiments Lain,1998-07-06T00:00:00+00:00,1998-09-28T00:00:00+00:00,8.02,498,257,Dementia,Triangle Staff,Original,Summer 1998
526,Servant x Service,18119,TV,7,13,Servant x Service,2013-07-05T00:00:00+00:00,2013-09-27T00:00:00+00:00,7.69,1057,842,Comedy,A-1 Pictures,4-koma manga,Summer 2013
527,Shashinkan,20671,Movie,0,1,The Portrait Studio,2013-11-09T00:00:00+00:00,,7.34,2150,6199,Drama,Studio Colorido,Original,
528,Shihaisha no Tasogare,1245,OVA,7,1,Twilight Of The Dark Master,1998-01-21T00:00:00+00:00,,5.84,8543,5465,Action,Madhouse,Manga,
529,Shimoneta to Iu Gainen ga Sonzai Shinai Taikutsu na Sekai,29786,TV,6,12,SHIMONETA: A Boring World Where the Concept of Dirty Jokes Doesn't Exist,2015-07-04T00:00:00+00:00,2015-09-19T00:00:00+00:00,7.36,2055,196,Comedy,J.C.Staff,Light novel,Summer 2015
530,Shin Cutey Honey,2497,OVA,7,8,,1994-04-21T00:00:00+00:00,1995-11-21T00:00:00+00:00,6.64,5134,5375,Adventure,Toei Animation,Manga,
531,Shin Hurricane Polymar,3398,OVA,7,2,Hurricane Polymar: Holy Blood,1996-09-21T00:00:00+00:00,1997-02-21T00:00:00+00:00,5.88,8429,9236,Action,J.C.Staff,Unknown,
532,Shin Kujakuou,3599,OVA,7,2,Spirit Warrior,1994-05-20T00:00:00+00:00,1994-06-17T00:00:00+00:00,5.97,8172,9242,Action,Madhouse,Unknown,
533,Shinryaku! Ika Musume,8557,TV,7,12,The Squid Girl,2010-10-05T00:00:00+00:00,2010-12-21T00:00:00+00:00,7.47,1675,898,Comedy,Diomedea,Manga,Fall 2010
534,Shinryaku!? Ika Musume,10378,TV,7,12,The Squid Girl 2,2011-09-27T00:00:00+00:00,2011-12-25T00:00:00+00:00,7.53,1506,1656,Comedy,Diomedea,Manga,Fall 2011
535,Shirobako,25835,TV,8,24,Shirobako,2014-10-09T00:00:00+00:00,2015-03-26T00:00:00+00:00,8.36,178,363,Comedy,P.A. Works,Original,Fall 2014
536,Shizuku,1989,Movie,6,1,The Drop,1965-10-01T00:00:00+00:00,,5.7,8947,8412,Comedy,Mushi Production,Original,
537,Shoujo Kakumei Utena,440,TV,10,39,Revolutionary Girl Utena,1997-04-02T00:00:00+00:00,1997-12-24T00:00:00+00:00,8.19,310,929,Comedy,J.C.Staff,Original,Spring 1997
538,Shoujo Kakumei Utena: Adolescence Mokushiroku,441,Movie,7,1,Revolutionary Girl Utena: The Adolescence of Utena,1999-08-14T00:00:00+00:00,,7.59,1314,2553,Dementia,J.C.Staff,Original,
539,Shoujo☆Kageki Revue Starlight,35503,TV,7,12,Revue Starlight,2018-07-13T00:00:00+00:00,2018-09-28T00:00:00+00:00,7.62,1210,2045,Music,Kinema Citrus,Original,Summer 2018
540,Shounen Kenya,2311,Movie,7,1,Kenya Boy,1984-03-10T00:00:00+00:00,,5.14,10155,8844,Adventure,Toei Animation,Unknown,
541,Slayers,534,TV,8,26,Slayers,1995-04-07T00:00:00+00:00,1995-09-29T00:00:00+00:00,7.76,894,1198,Adventure,E&G Films,Light novel,Spring 1995
542,Soratobu Yuureisen,2811,Movie,7,1,Flying Phantom Ship,1969-07-20T00:00:00+00:00,,6.65,5111,6781,Adventure,Toei Animation,Manga,
543,Soredemo Machi wa Mawatteiru,8726,TV,8,12,And Yet The Town Moves,2010-10-08T00:00:00+00:00,2010-12-24T00:00:00+00:00,7.45,1747,2194,Slice of Life,Shaft,Manga,Fall 2010
544,Soukou Kihei Votoms,2582,TV,8,52,Armored Trooper Votoms,1983-04-01T00:00:00+00:00,1984-03-23T00:00:00+00:00,7.73,960,3762,Action,Sunrise,Original,Spring 1983
545,Soukou Kihei Votoms: Big Battle,2584,OVA,7,1,Armored Trooper Votoms: Big Battle,1986-07-05T00:00:00+00:00,,6.74,4651,7828,Action,Sunrise,Original,
546,Soukou Kihei Votoms: Kakuyaku taru Itan,2586,OVA,6,5,,1994-03-21T00:00:00+00:00,1994-11-21T00:00:00+00:00,6.95,3804,7783,Drama,Sunrise,Original,
547,Soukou Kihei Votoms: Red Shoulder Document - Yabou no Roots,2585,OVA,8,1,Armored Trooper Votoms: Red Shoulder Document - Roots of Treachery,1988-03-19T00:00:00+00:00,,7.29,2398,7332,Drama,,Original,
548,Soukou Kihei Votoms: The Last Red Shoulder,2583,OVA,8,1,Armored Trooper Votoms: The Last Red Shoulder,1985-08-21T00:00:00+00:00,,7.15,2984,7484,Action,Sunrise,Original,
549,Souseiki,3473,Movie,4,1,The Genesis,1968-10-01T00:00:00+00:00,,5.53,9407,9399,Parody,,Unknown,
550,Space Adventure Cobra,2452,Movie,8,1,Space Adventure Cobra: The Movie,1982-07-03T00:00:00+00:00,,7.11,3156,5471,Action,TMS Entertainment,Manga,
551,Space Cobra,2451,TV,8,31,Space Adventure Cobra,1982-10-07T00:00:00+00:00,1983-05-19T00:00:00+00:00,7.71,1011,4003,Action,Tokyo Movie Shinsha,Manga,Fall 1982
552,Space☆Dandy,20057,TV,9,13,Space Dandy,2014-01-05T00:00:00+00:00,2014-03-27T00:00:00+00:00,7.88,689,523,Sci-Fi,Bones,Original,Winter 2014
553,Space☆Dandy 2nd Season,23327,TV,9,13,Space Dandy 2nd Season,2014-07-06T00:00:00+00:00,2014-09-25T00:00:00+00:00,8.27,241,1110,Space,Bones,Original,Summer 2014
554,Spirit of Wonder: China-san no Yuuutsu,2419,OVA,7,1,,1992-06-03T00:00:00+00:00,,6.48,5905,6932,Romance,Ajia-Do,Unknown,
555,Spriggan,420,Movie,6,1,Spriggan,1998-09-05T00:00:00+00:00,,6.68,4933,3560,Adventure,Studio 4°C,Manga,
556,Star Driver: Kagayaki no Takuto,8934,TV,5,25,Star Driver,2010-10-03T00:00:00+00:00,2011-04-03T00:00:00+00:00,7.24,2575,1360,Action,Bones,Original,Fall 2010
557,Steamboy,565,Movie,9,1,Steamboy,2004-07-17T00:00:00+00:00,,7.35,2137,1822,Action,Studio 4°C,Original,
558,Stranger: Mukou Hadan,2418,Movie,7,1,Sword of the Stranger,2007-09-29T00:00:00+00:00,,8.32,210,533,Action,Bones,Original,
559,Street Fighter II Movie,1362,Movie,0,1,Street Fighter II: The Animated Movie,1994-08-06T00:00:00+00:00,,7.17,2887,3296,Action,Group TAC,Game,
560,Street Fighter Zero The Animation,979,Movie,7,1,Street Fighter Alpha: The Movie,1999-12-22T00:00:00+00:00,,6.56,5508,4195,Action,Plum,Game,
561,Sumeba Miyako no Cosmos-sou Suttoko Taisen Dokkoida,1837,TV,7,12,Dokkoida?!,2003-07-05T00:00:00+00:00,2003-09-20T00:00:00+00:00,6.81,4377,6331,Action,ufotable,Light novel,Summer 2003
562,Summer Wars,5681,Movie,8,1,Summer Wars,2009-08-01T00:00:00+00:00,,8.11,404,290,Sci-Fi,Madhouse,Original,
563,Suzumiya Haruhi no Shoushitsu,7311,Movie,10,1,The Disappearance of Haruhi Suzumiya,2010-02-06T00:00:00+00:00,,8.66,52,234,Comedy,Kyoto Animation,Light novel,
564,Suzumiya Haruhi no Yuuutsu,849,TV,10,14,The Melancholy of Haruhi Suzumiya,2006-04-03T00:00:00+00:00,2006-07-03T00:00:00+00:00,7.89,681,107,Comedy,Kyoto Animation,Light novel,Spring 2006
565,Suzumiya Haruhi no Yuuutsu (2009),4382,TV,8,14,The Melancholy of Haruhi Suzumiya Season 2,2009-05-22T00:00:00+00:00,2009-09-11T00:00:00+00:00,7.24,2578,288,Comedy,Kyoto Animation,Light novel,Spring 2009
566,Suzumiya Haruhi-chan no Yuuutsu,5118,ONA,7,25,The Melancholy of Haruhi-chan Suzumiya,2009-02-14T00:00:00+00:00,2009-05-08T00:00:00+00:00,7.5,1568,1451,Comedy,Kyoto Animation,4-koma manga,
567,Taiyou no Ouji: Horus no Daibouken,1044,Movie,0,1,The Little Norse Prince,1968-07-21T00:00:00+00:00,,6.52,5709,5690,Adventure,Toei Animation,Other,
568,Takarajima,2618,TV,8,26,,1978-10-08T00:00:00+00:00,1979-04-01T00:00:00+00:00,7.94,609,4217,Adventure,Madhouse,Novel,Fall 1978
569,Tamako Love Story,21647,Movie,9,1,,2014-04-26T00:00:00+00:00,,8.01,524,596,Comedy,Kyoto Animation,Original,
570,Tamako Market,16417,TV,7,12,Tamako Market,2013-01-10T00:00:00+00:00,2013-03-28T00:00:00+00:00,7.38,1984,476,Slice of Life,Kyoto Animation,Original,Winter 2013
571,Tanaka-kun wa Itsumo Kedaruge,32093,TV,8,12,Tanaka-kun is Always Listless,2016-04-09T00:00:00+00:00,2016-06-25T00:00:00+00:00,7.91,654,445,Slice of Life,Silver Link.,Web manga,Spring 2016
572,Tanaka-kun wa Itsumo Kedaruge Specials,33157,Special,7,7,Tanaka-kun is Always Listless,2016-06-24T00:00:00+00:00,2016-12-22T00:00:00+00:00,7.41,1885,3445,Comedy,Silver Link.,Web manga,
573,Tansu Warashi.,10502,Movie,0,1,,2011-03-05T00:00:00+00:00,,6.78,4474,6281,Slice of Life,Production I.G,Original,
574,Tantei Opera Milky Holmes,7768,TV,7,12,,2010-10-07T00:00:00+00:00,2010-12-23T00:00:00+00:00,6.95,3807,2485,Mystery,J.C.Staff,Original,Fall 2010
575,Tantei Opera Milky Holmes Dai 2 Maku,11341,TV,9,12,Detective Opera Milky Holmes 2,2012-01-05T00:00:00+00:00,2012-03-22T00:00:00+00:00,7.23,2644,3930,Mystery,J.C.Staff,Original,Winter 2012
576,Tantei Opera Milky Holmes Movie: Gyakushuu no Milky Holmes,31486,Movie,9,1,,2016-02-27T00:00:00+00:00,,7.13,3081,7323,Mystery,J.C.Staff,Original,
577,Tantei Opera Milky Holmes: Fun Fun Party Night♪ - Ken to Janet no Okurimono,33308,Special,9,1,,2016-12-31T00:00:00+00:00,,6.7,4834,8874,Mystery,J.C.Staff,Card game,
578,Tantei Opera Milky Holmes: Summer Special,10923,Special,8,1,,2011-08-25T00:00:00+00:00,,6.99,3664,5726,Comedy,J.C.Staff,Card game,
579,Teekyuu,15125,TV,7,12,Teekyu,2012-10-07T00:00:00+00:00,2012-12-23T00:00:00+00:00,6.62,5225,2075,Comedy,MAPPA,Manga,Fall 2012
580,Teekyuu 2,18121,TV,7,12,Teekyu 2,2013-07-07T00:00:00+00:00,2013-09-22T00:00:00+00:00,6.76,4557,3124,Comedy,MAPPA,Manga,Summer 2013
581,Teekyuu 3,20473,TV,7,12,Teekyu 3,2013-10-06T00:00:00+00:00,2013-12-22T00:00:00+00:00,6.81,4379,3386,Comedy,MAPPA,Manga,Fall 2013
582,Teekyuu 4,26395,TV,7,12,Teekyu 4,2015-04-07T00:00:00+00:00,2015-06-23T00:00:00+00:00,6.74,4654,3724,Comedy,Millepensee,Manga,Spring 2015
583,Teekyuu 5,30567,TV,7,12,Teekyu 5,2015-07-07T00:00:00+00:00,2015-09-22T00:00:00+00:00,6.73,4722,3968,Comedy,Millepensee,Manga,Summer 2015
584,Teekyuu 6,31440,TV,7,12,Teekyu 6,2015-10-06T00:00:00+00:00,2015-12-22T00:00:00+00:00,6.64,5140,4162,Comedy,Millepensee,Manga,Fall 2015
585,Teekyuu 7,32228,TV,7,12,Teekyu 7,2016-01-12T00:00:00+00:00,2016-03-29T00:00:00+00:00,6.69,4917,4303,Comedy,Millepensee,Manga,Winter 2016
586,Teekyuu 8,33811,TV,8,12,Teekyu 8,2016-10-05T00:00:00+00:00,2016-12-21T00:00:00+00:00,6.69,4918,4527,Comedy,Millepensee,Manga,Fall 2016
587,Teekyuu 9,35370,TV,7,12,Teekyu 9,2017-07-12T00:00:00+00:00,2017-09-27T00:00:00+00:00,6.62,5225,4685,Comedy,Millepensee,Manga,Summer 2017
588,Teki wa Kaizoku: Neko-tachi no Kyouen,2679,OVA,6,6,The Enemy's the Pirates!: The Cats' Banquet,1990-01-01T00:00:00+00:00,1990-03-01T00:00:00+00:00,6.24,7039,9778,Comedy,Madhouse,Novel,
589,Tekken,537,OVA,4,2,Tekken: The Motion Picture,1998-01-21T00:00:00+00:00,1998-02-21T00:00:00+00:00,5.28,9912,4258,Action,Studio Deen,Game,
590,Tekkon Kinkreet,2154,Movie,8,1,Tekkonkinkreet,2006-12-23T00:00:00+00:00,,7.99,548,1540,Action,Studio 4°C,Manga,
591,Tengen Toppa Gurren Lagann,2001,TV,7,27,Gurren Lagann,2007-04-01T00:00:00+00:00,2007-09-30T00:00:00+00:00,8.67,50,36,Action,Gainax,Original,Spring 2007
592,Tengen Toppa Gurren Lagann Movie 1: Gurren-hen,4107,Movie,9,1,Gurren Lagann The Movie: Childhood's End,2008-09-06T00:00:00+00:00,,8.17,329,1090,Action,Gainax,Original,
593,Tengen Toppa Gurren Lagann Movie 2: Lagann-hen,4565,Movie,0,1,Gurren Lagann The Movie: The Lights in the Sky are Stars,2009-04-22T00:00:00+00:00,,8.58,73,851,Action,Gainax,Original,
594,Tenkuu no Shiro Laputa,513,Movie,8,1,Castle in the Sky,1986-08-02T00:00:00+00:00,,8.32,211,390,Adventure,Studio Ghibli,Original,
595,Tenrankai no E,3472,Movie,7,1,Pictures at an Exhibition,1966-11-11T00:00:00+00:00,,6.28,6858,8970,Comedy,,Original,
596,Tenshi no Tamago,885,OVA,7,1,Angel's Egg,1985-12-22T00:00:00+00:00,,7.68,1073,1520,Fantasy,Studio Deen,Original,
597,Tesagure! Bukatsumono,19919,TV,7,12,,2013-10-06T00:00:00+00:00,2013-12-29T00:00:00+00:00,6.76,4558,4692,Parody,Yaoyorozu,Original,Fall 2013
598,The Big O,567,TV,8,26,The Big O,1999-10-13T00:00:00+00:00,2003-03-27T00:00:00+00:00,7.53,1506,1684,Action,Sunrise,Original,Fall 1999
599,The Cockpit,2500,OVA,5,3,,1993-10-22T00:00:00+00:00,1994-01-21T00:00:00+00:00,7.22,2659,4902,Historical,Madhouse,Manga,
600,The iDOLM@STER Cinderella Girls,23587,TV,6,13,THE IDOLM@STER CINDERELLA GIRLS,2015-01-10T00:00:00+00:00,2015-04-11T00:00:00+00:00,7.16,2900,1891,Comedy,A-1 Pictures,Game,Winter 2015
601,Tiger & Bunny,9941,TV,9,25,Tiger & Bunny,2011-04-03T00:00:00+00:00,2011-09-18T00:00:00+00:00,7.96,578,770,Action,Sunrise,Original,Spring 2011
602,Toki no Tabibito: Time Stranger,3115,Movie,7,1,,1986-12-20T00:00:00+00:00,,6.08,7745,7605,Action,Madhouse,Novel,
603,Tokyo Godfathers,759,Movie,8,1,Tokyo Godfathers,2003-11-08T00:00:00+00:00,,8.29,226,734,Comedy,Madhouse,Original,
604,Tokyo Loop,4761,Movie,7,1,,2006-12-23T00:00:00+00:00,,5.2,10067,9391,Comedy,,Original,
605,Tokyo Magnitude 8.0,6211,TV,8,11,Tokyo Magnitude 8.0,2009-07-10T00:00:00+00:00,2009-09-18T00:00:00+00:00,8.07,456,594,Drama,Bones,Original,Summer 2009
606,Tokyo Vice,2003,OVA,6,1,The Tokyo Project,1988-06-25T00:00:00+00:00,,5.43,9634,9366,Action,J.C.Staff,Original,
607,Tonari no Seki-kun,18139,TV,7,21,Tonari no Seki-kun: The Master of Killing Time,2014-01-06T00:00:00+00:00,2014-05-26T00:00:00+00:00,7.59,1318,822,Comedy,Shin-Ei Animation,Manga,Winter 2014
608,Tonari no Totoro,523,Movie,8,1,My Neighbor Totoro,1988-04-16T00:00:00+00:00,,8.34,195,122,Adventure,Studio Ghibli,Original,
609,Tonari no Yamada-kun,415,Movie,8,1,My Neighbors the Yamadas,1999-07-17T00:00:00+00:00,,7.2,2752,2798,Slice of Life,Studio Ghibli,4-koma manga,
610,Tonkatsu DJ Agetarou,31370,TV,8,12,,2016-04-10T00:00:00+00:00,2016-06-26T00:00:00+00:00,7.14,3004,4496,Music,Studio Deen,Manga,Spring 2016
611,Top wo Nerae 2! Diebuster,1002,OVA,9,6,Gunbuster 2,2004-10-03T00:00:00+00:00,2006-08-25T00:00:00+00:00,7.68,1074,1836,Action,Gainax,Original,
612,Top wo Nerae! Gunbuster,949,OVA,9,6,Gunbuster,1988-10-07T00:00:00+00:00,1989-07-07T00:00:00+00:00,7.89,682,1381,Action,Gainax,Original,
613,Toradora!,4224,TV,8,25,Toradora!,2008-10-02T00:00:00+00:00,2009-03-26T00:00:00+00:00,8.27,244,16,Slice of Life,J.C.Staff,Light novel,Fall 2008
614,Turn A Gundam,95,TV,10,50,∀ Gundam,1999-04-09T00:00:00+00:00,2000-04-14T00:00:00+00:00,7.7,1023,2678,Action,Sunrise,Original,Spring 1999
615,Turning Girls,19133,ONA,7,7,,2013-06-18T00:00:00+00:00,2013-07-30T00:00:00+00:00,6.05,7905,5460,Comedy,Trigger,Original,
616,Uchida Shungicu no Noroi no One-Piece,41340,Special,9,1,,1992-08-25T00:00:00+00:00,,5.89,8424,11617,Horror,Kyoto Animation,Manga,
617,Uchouten Kazoku,17909,TV,8,13,The Eccentric Family,2013-07-07T00:00:00+00:00,2013-09-29T00:00:00+00:00,7.89,683,1029,Slice of Life,P.A. Works,Novel,Summer 2013
618,Uchuu Enban Dai-Sensou,5620,Movie,7,1,,1975-07-21T00:00:00+00:00,,5.71,8941,10108,Action,,Manga,
619,Uchuu no Senshi,2516,OVA,5,6,Starship Troopers,1988-10-25T00:00:00+00:00,1988-12-17T00:00:00+00:00,6.21,7209,6486,Space,Sunrise,Book,
620,Uchuu Patrol Luluco,32681,TV,9,13,Space Patrol Luluco,2016-04-01T00:00:00+00:00,2016-06-24T00:00:00+00:00,7.6,1272,1140,Action,Trigger,Original,Spring 2016
621,Uchuu Senkan Yamato (Movie),711,Movie,5,1,Space Battleship Yamato,1977-08-06T00:00:00+00:00,,6.73,4727,6872,Military,,Original,
622,Uchuu Senkan Yamato 2199,12029,OVA,7,26,Star Blazers: Space Battleship Yamato 2199,2012-05-25T00:00:00+00:00,2013-10-25T00:00:00+00:00,8.38,164,1452,Action,Xebec,Original,
623,Ueno-san wa Bukiyou,37920,TV,6,12,"How clumsy you are, Miss Ueno.",2019-01-07T00:00:00+00:00,2019-03-25T00:00:00+00:00,6.66,5031,1597,Comedy,Lesprit,Manga,Winter 2019
624,Umezu Kazuo no Noroi,6276,OVA,6,1,The Curse of Kazuo Umezu,1990-03-01T00:00:00+00:00,,6.15,7467,6446,Horror,,Unknown,
625,Umi ga Kikoeru,743,Special,8,1,The Ocean Waves,1993-05-05T00:00:00+00:00,,6.65,5118,1730,Drama,J.C.Staff,Novel,
626,Urashima Tarou,7485,Movie,6,1,,1918-02-01T00:00:00+00:00,,4.7,10547,8817,Historical,,Other,
627,Urusei Yatsura Movie 1: Only You,1920,Movie,7,1,,1983-02-13T00:00:00+00:00,,7.07,3362,5453,Action,Studio Pierrot,Manga,
628,Urusei Yatsura Movie 2: Beautiful Dreamer,1921,Movie,0,1,,1984-02-11T00:00:00+00:00,,7.82,786,4383,Action,Studio Pierrot,Manga,
629,Usakame,32454,TV,7,12,Usakame,2016-04-12T00:00:00+00:00,2016-06-28T00:00:00+00:00,5.81,8665,4757,Slice of Life,Millepensee,Manga,Spring 2016
630,Vampire Hunter,1952,OVA,7,4,Night Warriors: Darkstalkers' Revenge,1997-03-21T00:00:00+00:00,1998-03-27T00:00:00+00:00,6.65,5122,4117,Action,Madhouse,Game,
631,Vampire Hunter D,732,Movie,6,1,Vampire Hunter D,1985-12-21T00:00:00+00:00,,7.09,3253,1850,Action,Production Reed,Light novel,
632,Vampire Hunter D (2000),543,Movie,8,1,Vampire Hunter D: Bloodlust,2000-08-25T00:00:00+00:00,,7.89,684,1135,Action,Madhouse,Light novel,
633,Venus Senki,544,Movie,0,1,Venus Wars,1989-03-11T00:00:00+00:00,,6.78,4476,4730,Action,Triangle Staff,Manga,
634,Violence Jack: Harlem Bomber-hen,1341,OVA,4,1,Violence Jack: Slumking,1986-06-05T00:00:00+00:00,,5.24,10001,4969,Action,,Unknown,
635,Violence Jack: Hell's Wind-hen,1343,OVA,4,1,Violence Jack: Hell's Wind,1990-11-09T00:00:00+00:00,,5.48,9514,5761,Action,,Manga,
636,Violence Jack: Jigoku Gai-hen,1342,OVA,4,1,Violence Jack: Evil Town,1988-12-06T00:00:00+00:00,,5.56,9306,5269,Action,,Unknown,
637,Waga Seishun no Arcadia,2202,Movie,6,1,,1982-07-28T00:00:00+00:00,,7.51,1556,5248,Action,Toei Animation,Unknown,
638,Wakako-zake,30437,TV,7,12,Wakakozake,2015-07-05T00:00:00+00:00,2015-09-20T00:00:00+00:00,6.65,5124,2781,Seinen,Office DCI,Manga,Summer 2015
639,Wanna-Be's,4176,OVA,6,1,,1986-12-25T00:00:00+00:00,,5.14,10158,8907,Action,AIC,Unknown,
640,Watashi ga Motenai no wa Dou Kangaetemo Omaera ga Warui!,16742,TV,7,12,"WataMote: No Matter How I Look At It, It's You Guys' Fault I'm Unpopular!",2013-07-09T00:00:00+00:00,2013-09-24T00:00:00+00:00,7.07,3363,218,Slice of Life,Silver Link.,Web manga,Summer 2013
641,Windaria,1130,Movie,6,1,Once Upon A Time,1986-07-19T00:00:00+00:00,,6.55,5603,5404,Action,Gallop,Original,
642,Working!!,6956,TV,7,13,Wagnaria!!,2010-04-04T00:00:00+00:00,2010-06-27T00:00:00+00:00,7.71,1014,349,Comedy,A-1 Pictures,4-koma manga,Spring 2010
643,Working!!!,25879,TV,8,13,Wagnaria!!3,2015-07-05T00:00:00+00:00,2015-09-27T00:00:00+00:00,8.05,476,735,Comedy,A-1 Pictures,4-koma manga,Summer 2015
644,Working!!!: Lord of the Takanashi,31715,Special,7,1,,2016-03-30T00:00:00+00:00,,8.21,298,1583,Comedy,A-1 Pictures,4-koma manga,
645,Working'!!,10521,TV,7,13,Wagnaria!!2,2011-10-01T00:00:00+00:00,2011-12-24T00:00:00+00:00,7.88,690,636,Comedy,A-1 Pictures,4-koma manga,Fall 2011
646,X Densha de Ikou,1973,OVA,8,1,,1987-11-06T00:00:00+00:00,,5.78,8736,8047,Mystery,Madhouse,Novel,
647,Yahari Ore no Seishun Love Comedy wa Machigatteiru.,14813,TV,6,13,My Teen Romantic Comedy SNAFU,2013-04-05T00:00:00+00:00,2013-06-28T00:00:00+00:00,8.07,457,71,Slice of Life,Brain's Base,Light novel,Spring 2013
648,Yahari Ore no Seishun Love Comedy wa Machigatteiru. Zoku,23847,TV,8,13,My Teen Romantic Comedy SNAFU TOO!,2015-04-03T00:00:00+00:00,2015-06-26T00:00:00+00:00,8.28,240,129,Slice of Life,feel.,Light novel,Spring 2015
649,Yamada-kun to 7-nin no Majo (TV),28677,TV,6,12,Yamada-kun and the Seven Witches,2015-04-12T00:00:00+00:00,2015-06-28T00:00:00+00:00,7.68,1076,193,Harem,LIDENFILMS,Manga,Spring 2015
650,Yami no Shihosha Judge,1340,OVA,6,1,Judge,1991-06-15T00:00:00+00:00,,5.37,9776,7763,Supernatural,,Manga,
651,Yami no Teio: Kyuuketsuki Dracula,3801,Special,8,1,Dracula: Sovereign of the Damned,1980-08-19T00:00:00+00:00,,3.84,10721,7882,Vampire,Toei Animation,Other,
652,Yodomi no Sakagi,33777,Movie,7,1,Crazy Little Thing,2014-01-01T00:00:00+00:00,,5.94,8245,11435,Dementia,,Original,
653,Yojouhan Shinwa Taikei,7785,TV,10,11,The Tatami Galaxy,2010-04-23T00:00:00+00:00,2010-07-02T00:00:00+00:00,8.61,61,441,Mystery,Madhouse,Novel,Spring 2010
654,Yoru wa Mijikashi Arukeyo Otome,34537,Movie,8,1,"Night Is Short, Walk on Girl",2017-04-07T00:00:00+00:00,,8.23,275,1663,Comedy,Science SARU,Novel,
655,Youchien Senshi: Hanamaru Girls,16648,Special,0,3,,2010-08-25T00:00:00+00:00,,5.8,8676,8632,Action,Gainax,Manga,
656,Youjo Senki,32615,TV,7,12,The Saga of Tanya the Evil,2017-01-06T00:00:00+00:00,2017-03-31T00:00:00+00:00,8.02,501,175,Action,Nut,Light novel,Winter 2017
657,Youjo Senki Movie,37055,Movie,8,1,,2019-02-08T00:00:00+00:00,,8.3,224,969,Action,Nut,Light novel,
658,Youjuu Toshi,1107,Movie,6,1,Wicked City,1987-04-25T00:00:00+00:00,,6.44,6124,2907,Action,Madhouse,Novel,
659,Youma,1484,OVA,5,2,Blood Reign: Curse of the Yoma,1989-05-01T00:00:00+00:00,1989-06-01T00:00:00+00:00,6.09,7737,5580,Action,J.C.Staff,Manga,
660,Yu☆Gi☆Oh! (Movie),2006,Movie,5,1,,1999-03-06T00:00:00+00:00,,6.91,3976,2399,Game,Toei Animation,Manga,
661,Yuri!!! on Ice,32995,TV,6,12,Yuri!!! On ICE,2016-10-06T00:00:00+00:00,2016-12-22T00:00:00+00:00,7.93,633,205,Comedy,MAPPA,Original,Fall 2016
662,Yuru Camp△,34798,TV,7,12,Laid-Back Camp,2018-01-04T00:00:00+00:00,2018-03-22T00:00:00+00:00,8.27,245,488,Slice of Life,C-Station,Manga,Winter 2018
663,Yuru Yuri,10495,TV,6,12,YuruYuri: Happy Go Lily,2011-07-05T00:00:00+00:00,2011-09-20T00:00:00+00:00,7.61,1264,483,Slice of Life,Doga Kobo,Manga,Summer 2011
664,Yuru Yuri San☆Hai!,30279,TV,7,12,,2015-10-06T00:00:00+00:00,2015-12-22T00:00:00+00:00,7.97,573,1378,Comedy,TYO Animations,Manga,Fall 2015
665,Yuru Yuri♪♪,12403,TV,6,12,YuruYuri: Happy Go Lily ♪♪,2012-07-03T00:00:00+00:00,2012-09-18T00:00:00+00:00,7.86,712,956,Slice of Life,Doga Kobo,Manga,Summer 2012
666,Zan Sayonara Zetsubou Sensei,6377,TV,7,13,,2009-07-05T00:00:00+00:00,2009-09-27T00:00:00+00:00,7.91,658,1498,Comedy,Shaft,Manga,Summer 2009
667,Zan Sayonara Zetsubou Sensei Bangaichi,7044,OVA,7,2,,2009-11-17T00:00:00+00:00,2010-02-17T00:00:00+00:00,7.81,803,2703,Comedy,Shaft,Manga,
668,Zoku Sayonara Zetsubou Sensei,3228,TV,9,13,,2008-01-06T00:00:00+00:00,2008-03-30T00:00:00+00:00,7.93,636,1233,Comedy,Shaft,Manga,Winter 2008
